"Course","Title","Credits","Elective category","Term","Offered","Section","Component","Availability (open/limit)","Days and time","Location","Instructor","Dates","Topic","Restrictions"
"ADN 111","Introduction to Two-Dimensional Design","3","Application Unit","Fall 2026","Yes","001","Lec","Open 2/18","MW 1:30 PM-4:15 PM","310 Leazar Hall","Lin, Chinhua","08/17/26 - 12/01/26","","DS majors, ADN minors and DS minors only Departmental Approv"
"ADN 111","Introduction to Two-Dimensional Design","3","Application Unit","Fall 2026","Yes","002","Lec","Open 5/15","MW 1:30 PM-4:15 PM","310 Leazar Hall","Lin, Chinhua","08/17/26 - 12/01/26","","Prerequisite: Design Studies students only Departmental Appr"
"ADN 111","Introduction to Two-Dimensional Design","3","Application Unit","Spring 2027","Yes","601","Lec","Open 30/30","TBD","Distance Education - Online","Lin, Chinhua","01/11/27 - 04/27/27","",""
"ADN 111","Introduction to Two-Dimensional Design","3","Application Unit","Summer I 2027","No","","","","","","","","",""
"ADN 111","Introduction to Two-Dimensional Design","3","Application Unit","Summer II 2027","No","","","","","","","","",""
"ADN 112","Introduction to Three-Dimensional Design","3","Application Unit","Fall 2026","Yes","001","Lab","Open 5/15","TTh 1:30 PM-4:15 PM","123 111 Lampe Drive","Berreth, Todd Michael","08/17/26 - 12/01/26","","Departmental Approval Required"
"ADN 112","Introduction to Three-Dimensional Design","3","Application Unit","Fall 2026","Yes","002","Lab","Open 3/15","TTh 1:30 PM-4:15 PM","123 111 Lampe Drive","Berreth, Todd Michael","08/17/26 - 12/01/26","","DS majors, ADN minors and DS minors only Departmental Approv"
"ADN 112","Introduction to Three-Dimensional Design","3","Application Unit","Spring 2027","Yes","001","Lab","Open 30/30","Th 1:30 PM-4:15 PM","101 111 Lampe Drive","Berreth, Todd Michael","01/11/27 - 04/27/27","","DS majors, ADN minors and DS minors only"
"ADN 112","Introduction to Three-Dimensional Design","3","Application Unit","Summer I 2027","No","","","","","","","","",""
"ADN 112","Introduction to Three-Dimensional Design","3","Application Unit","Summer II 2027","No","","","","","","","","",""
"ADN 212","Photography I","3","Application Unit","Fall 2026","Yes","001","Lec","Open 1/18","TTh 9:35 AM-12:20 PM","312 Leazar Hall","Van Gorder, Sally","08/17/26 - 12/01/26","","Departmental Approval Required"
"ADN 212","Photography I","3","Application Unit","Spring 2027","No","","","","","","","","",""
"ADN 212","Photography I","3","Application Unit","Summer I 2027","No","","","","","","","","",""
"ADN 212","Photography I","3","Application Unit","Summer II 2027","No","","","","","","","","",""
"ADN 219","Digital Imaging I","3","Application Unit","Fall 2026","Yes","601","Lec","Closed 0/51","TBD","Distance Education - Online","Berreth, Todd Michael","08/17/26 - 12/01/26","","Departmental Approval Required"
"ADN 219","Digital Imaging I","3","Application Unit","Spring 2027","Yes","601","Lec","Open 50/50","TBD","Distance Education - Online","Fitzgerald, Patrick J","01/11/27 - 04/27/27","","DS majors, ADN minors and DS minors only"
"ADN 219","Digital Imaging I","3","Application Unit","Spring 2027","Yes","602","Lec","Open 50/50","TBD","Distance Education - Online","Berreth, Todd Michael","01/11/27 - 04/27/27","","12ADNB or 12DSBA Students Only"
"ADN 219","Digital Imaging I","3","Application Unit","Summer I 2027","No","","","","","","","","",""
"ADN 219","Digital Imaging I","3","Application Unit","Summer II 2027","No","","","","","","","","",""
"ADN 220","Digital Illustration I","3","Application Unit; Advised (general list)","Fall 2026","No","","","","","","","","",""
"ADN 220","Digital Illustration I","3","Application Unit; Advised (general list)","Spring 2027","No","","","","","","","","",""
"ADN 220","Digital Illustration I","3","Application Unit; Advised (general list)","Summer I 2027","No","","","","","","","","",""
"ADN 220","Digital Illustration I","3","Application Unit; Advised (general list)","Summer II 2027","No","","","","","","","","",""
"ADN 221","Digital Illustration II","3","Application Unit; Advised (general list)","Fall 2026","No","","","","","","","","",""
"ADN 221","Digital Illustration II","3","Application Unit; Advised (general list)","Spring 2027","No","","","","","","","","",""
"ADN 221","Digital Illustration II","3","Application Unit; Advised (general list)","Summer I 2027","No","","","","","","","","",""
"ADN 221","Digital Illustration II","3","Application Unit; Advised (general list)","Summer II 2027","No","","","","","","","","",""
"ADN 223","3D Modeling","3","Application Unit; Advised (general list)","Fall 2026","Yes","302","Lab","Open 5/18","F 9:35 AM-12:20 PM TBD","203C Brooks Hall / Hybrid - Online and In-Person","Young, Deborah Ann / Staff","08/17/26 - 12/01/26","","Prerequisite: ADN 219 Departmental Approval Required"
"ADN 223","3D Modeling","3","Application Unit; Advised (general list)","Spring 2027","Yes","301","Lab","Open 22/22","T 9:35 AM-12:20 PM TBD","202 Brooks Hall / Hybrid - Online and In-Person","Johnson, Justin / Staff","01/11/27 - 04/27/27","","Prerequisite: ADN majors only."
"ADN 223","3D Modeling","3","Application Unit; Advised (general list)","Spring 2027","Yes","302","Lab","Open 22/22","Th 9:35 AM-12:20 PM TBD","202 Brooks Hall / Hybrid - Online and In-Person","Johnson, Justin / Staff","01/11/27 - 04/27/27","","12ADNB or 12DSBA Students Only"
"ADN 223","3D Modeling","3","Application Unit; Advised (general list)","Summer I 2027","No","","","","","","","","",""
"ADN 223","3D Modeling","3","Application Unit; Advised (general list)","Summer II 2027","No","","","","","","","","",""
"ADN 224","Digital Motion","3","Application Unit; Advised (general list)","Fall 2026","No","","","","","","","","",""
"ADN 224","Digital Motion","3","Application Unit; Advised (general list)","Spring 2027","Yes","001","Lab","Open 20/20","MW 1:30 PM-4:15 PM","203C Brooks Hall","Johnson, Amber Marie","01/11/27 - 04/27/27","","Undergraduate standing in Art and Design"
"ADN 224","Digital Motion","3","Application Unit; Advised (general list)","Summer I 2027","No","","","","","","","","",""
"ADN 224","Digital Motion","3","Application Unit; Advised (general list)","Summer II 2027","No","","","","","","","","",""
"ADN 226","Sequential Imaging","3","Application Unit; Advised (general list)","Fall 2026","Yes","304","Lab","Closed 0/30","T 9:35 AM-12:20 PM 9:35 AM - 12:20 PM","230D Leazar Hall / Hybrid - Online and In-Person","Muhammad, Khalif Karim / Allen,Tania Leigh","08/17/26 - 12/01/26","Sequential Imaging","Departmental Approval Required"
"ADN 226","Sequential Imaging","3","Application Unit; Advised (general list)","Spring 2027","No","","","","","","","","",""
"ADN 226","Sequential Imaging","3","Application Unit; Advised (general list)","Summer I 2027","No","","","","","","","","",""
"ADN 226","Sequential Imaging","3","Application Unit; Advised (general list)","Summer II 2027","No","","","","","","","","",""
"ADN 272","Introduction to Printing and Surface Design","3","Application Unit; Advised (general list)","Fall 2026","No","","","","","","","","",""
"ADN 272","Introduction to Printing and Surface Design","3","Application Unit; Advised (general list)","Spring 2027","No","","","","","","","","",""
"ADN 272","Introduction to Printing and Surface Design","3","Application Unit; Advised (general list)","Summer I 2027","No","","","","","","","","",""
"ADN 272","Introduction to Printing and Surface Design","3","Application Unit; Advised (general list)","Summer II 2027","No","","","","","","","","",""
"ADN 273","Fibers Materials and Processes","3","Application Unit","Fall 2026","Yes","001","Lab","Open 2/14","TTh 9:35 AM-12:20 PM","325A Leazar Hall","Ralston, Victoria Neal","08/17/26 - 12/01/26","","12ADNB or 12DSBA or 16ARTSTBA Students with at least 30 hour"
"ADN 273","Fibers Materials and Processes","3","Application Unit","Spring 2027","No","","","","","","","","",""
"ADN 273","Fibers Materials and Processes","3","Application Unit","Summer I 2027","No","","","","","","","","",""
"ADN 273","Fibers Materials and Processes","3","Application Unit","Summer II 2027","No","","","","","","","","",""
"ADN 274","Basic Woven and Constructed Textiles","3","Application Unit","Fall 2026","No","","","","","","","","",""
"ADN 274","Basic Woven and Constructed Textiles","3","Application Unit","Spring 2027","No","","","","","","","","",""
"ADN 274","Basic Woven and Constructed Textiles","3","Application Unit","Summer I 2027","No","","","","","","","","",""
"ADN 274","Basic Woven and Constructed Textiles","3","Application Unit","Summer II 2027","No","","","","","","","","",""
"ADN 276","Soft Construction I: Sewing","3","Application Unit","Fall 2026","No","","","","","","","","",""
"ADN 276","Soft Construction I: Sewing","3","Application Unit","Spring 2027","No","","","","","","","","",""
"ADN 276","Soft Construction I: Sewing","3","Application Unit","Summer I 2027","No","","","","","","","","",""
"ADN 276","Soft Construction I: Sewing","3","Application Unit","Summer II 2027","No","","","","","","","","",""
"ADN 292","Special Topics in Art + Design","1-3","Application Unit","Fall 2026","No","","","","","","","","",""
"ADN 292","Special Topics in Art + Design","1-3","Application Unit","Spring 2027","No","","","","","","","","",""
"ADN 292","Special Topics in Art + Design","1-3","Application Unit","Summer I 2027","No","","","","","","","","",""
"ADN 292","Special Topics in Art + Design","1-3","Application Unit","Summer II 2027","No","","","","","","","","",""
"ADN 311","Media Arts, Design and Technology Laboratory I","3","Application Unit; Advised (general list)","Fall 2026","Yes","301","Lab","Closed 0/18","M 9:35 AM-12:20 PM TBD","203D Brooks Hall / Hybrid - Online and In-Person","Johnson, Amber Marie / Johnson,Amber Marie","08/17/26 - 12/01/26","Creative Coding I","Prerequisite: ADN 219 Departmental Approval Required"
"ADN 311","Media Arts, Design and Technology Laboratory I","3","Application Unit; Advised (general list)","Fall 2026","Yes","501","Lab","Open 14/20","TBD","Study Abroad","Steinova, Stepanka","08/26/26 - 12/12/26","Photography 1 / Digital Imaging","NC State Prague Students Only Departmental Approval Required"
"ADN 311","Media Arts, Design and Technology Laboratory I","3","Application Unit; Advised (general list)","Spring 2027","No","","","","","","","","",""
"ADN 311","Media Arts, Design and Technology Laboratory I","3","Application Unit; Advised (general list)","Summer I 2027","No","","","","","","","","",""
"ADN 311","Media Arts, Design and Technology Laboratory I","3","Application Unit; Advised (general list)","Summer II 2027","No","","","","","","","","",""
"ADN 312","Photography II","3","Application Unit; Advised (general list)","Fall 2026","No","","","","","","","","",""
"ADN 312","Photography II","3","Application Unit; Advised (general list)","Spring 2027","No","","","","","","","","",""
"ADN 312","Photography II","3","Application Unit; Advised (general list)","Summer I 2027","No","","","","","","","","",""
"ADN 312","Photography II","3","Application Unit; Advised (general list)","Summer II 2027","No","","","","","","","","",""
"ADN 319","Animation I","3","Application Unit; Advised (general list)","Fall 2026","Yes","001","Lec","Open 2/24","TTh 1:30 PM-4:15 PM","203C Brooks Hall","Oronsaye, Iyare Emmanuel Christopher","08/17/26 - 12/01/26","Animation 1","Art and Design majors or Art and Design Minors or Design Stu"
"ADN 319","Animation I","3","Application Unit; Advised (general list)","Spring 2027","No","","","","","","","","",""
"ADN 319","Animation I","3","Application Unit; Advised (general list)","Summer I 2027","No","","","","","","","","",""
"ADN 319","Animation I","3","Application Unit; Advised (general list)","Summer II 2027","No","","","","","","","","",""
"ADN 386","Sculpture I","3","Application Unit; Advised (general list)","Fall 2026","Yes","601","Lab","Open 7/24","TBD","Distance Education - Online","Raymond, Dana Gordon","08/17/26 - 12/01/26","","Departmental Approval Required"
"ADN 386","Sculpture I","3","Application Unit; Advised (general list)","Spring 2027","No","","","","","","","","",""
"ADN 386","Sculpture I","3","Application Unit; Advised (general list)","Summer I 2027","No","","","","","","","","",""
"ADN 386","Sculpture I","3","Application Unit; Advised (general list)","Summer II 2027","No","","","","","","","","",""
"ADN 411","Art + Design Laboratory II","3","Application Unit; Advised (general list)","Fall 2026","No","","","","","","","","",""
"ADN 411","Art + Design Laboratory II","3","Application Unit; Advised (general list)","Spring 2027","No","","","","","","","","",""
"ADN 411","Art + Design Laboratory II","3","Application Unit; Advised (general list)","Summer I 2027","No","","","","","","","","",""
"ADN 411","Art + Design Laboratory II","3","Application Unit; Advised (general list)","Summer II 2027","No","","","","","","","","",""
"ADN 414","Color and Light","3","Application Unit; Advised (general list)","Fall 2026","Yes","601","Lec","Open 2/35","TBD","Distance Education - Online","Lin, Chinhua","08/17/26 - 12/01/26","","Art and Design majors or Art and Design Minors or Design Stu"
"ADN 414","Color and Light","3","Application Unit; Advised (general list)","Fall 2026","Yes","602","Lec","Closed 0/35","TBD","Distance Education - Online","Lin, Chinhua","08/17/26 - 12/01/26","","Art and Design majors or Art and Design Minors or Design Stu"
"ADN 414","Color and Light","3","Application Unit; Advised (general list)","Spring 2027","No","","","","","","","","",""
"ADN 414","Color and Light","3","Application Unit; Advised (general list)","Summer I 2027","No","","","","","","","","",""
"ADN 414","Color and Light","3","Application Unit; Advised (general list)","Summer II 2027","No","","","","","","","","",""
"ADN 415","Visualizing Narrative","3","Application Unit; Advised (general list)","Fall 2026","No","","","","","","","","",""
"ADN 415","Visualizing Narrative","3","Application Unit; Advised (general list)","Spring 2027","Yes","001","Lab","Open 20/20","TTh 9:35 AM-12:20 PM","120B 111 Lampe Drive","Farquharson, Ariana Zuri","01/11/27 - 04/27/27","","Prerequisite: ADN 219 or 12ADTRK3"
"ADN 415","Visualizing Narrative","3","Application Unit; Advised (general list)","Summer I 2027","No","","","","","","","","",""
"ADN 415","Visualizing Narrative","3","Application Unit; Advised (general list)","Summer II 2027","No","","","","","","","","",""
"ADN 418","Contemporary Issues in Art and Design","3","Advised (general list)","Fall 2026","Yes","001","Lec","Closed 0/36","W 9:35 AM-12:20 PM","310 Leazar Hall","Farquharson, Ariana Zuri","08/17/26 - 12/01/26","","ADN and DS majors and Junior or Senior standing only Departm"
"ADN 418","Contemporary Issues in Art and Design","3","Advised (general list)","Spring 2027","Yes","001","Lec","Open 34/34","Th 9:35 AM-12:20 PM","101 111 Lampe Drive","Farquharson, Ariana Zuri","01/11/27 - 04/27/27","","ADN and DS majors and Junior or Senior standing only"
"ADN 418","Contemporary Issues in Art and Design","3","Advised (general list)","Summer I 2027","No","","","","","","","","",""
"ADN 418","Contemporary Issues in Art and Design","3","Advised (general list)","Summer II 2027","No","","","","","","","","",""
"ADN 419","Creative Technology Studio II","6","Application Unit","Fall 2026","No","","","","","","","","",""
"ADN 419","Creative Technology Studio II","6","Application Unit","Spring 2027","No","","","","","","","","",""
"ADN 419","Creative Technology Studio II","6","Application Unit","Summer I 2027","No","","","","","","","","",""
"ADN 419","Creative Technology Studio II","6","Application Unit","Summer II 2027","No","","","","","","","","",""
"ADN 423","Advanced 3D Modeling","3","Advised (general list)","Fall 2026","Yes","301","Lab","Open 8/19","W 9:35 AM-12:20 PM TBD","203D Brooks Hall / Hybrid - Online and In-Person","Johnson, Amber Marie / Staff","08/17/26 - 12/01/26","","Departmental Approval Required"
"ADN 423","Advanced 3D Modeling","3","Advised (general list)","Spring 2027","No","","","","","","","","",""
"ADN 423","Advanced 3D Modeling","3","Advised (general list)","Summer I 2027","No","","","","","","","","",""
"ADN 423","Advanced 3D Modeling","3","Advised (general list)","Summer II 2027","No","","","","","","","","",""
"ADN 451","","3","Advised (general list)","Fall 2026","No","","","","","","","","",""
"ADN 451","","3","Advised (general list)","Spring 2027","No","","","","","","","","",""
"ADN 451","","3","Advised (general list)","Summer I 2027","No","","","","","","","","",""
"ADN 451","","3","Advised (general list)","Summer II 2027","No","","","","","","","","",""
"ADN 472","Advanced Surface Design","3","Advised (general list)","Fall 2026","No","","","","","","","","",""
"ADN 472","Advanced Surface Design","3","Advised (general list)","Spring 2027","No","","","","","","","","",""
"ADN 472","Advanced Surface Design","3","Advised (general list)","Summer I 2027","No","","","","","","","","",""
"ADN 472","Advanced Surface Design","3","Advised (general list)","Summer II 2027","No","","","","","","","","",""
"ADN 475","Pre-Industrial World Textiles","3","Design History; History Unit; Advised (general list)","Fall 2026","No","","","","","","","","",""
"ADN 475","Pre-Industrial World Textiles","3","Design History; History Unit; Advised (general list)","Spring 2027","No","","","","","","","","",""
"ADN 475","Pre-Industrial World Textiles","3","Design History; History Unit; Advised (general list)","Summer I 2027","No","","","","","","","","",""
"ADN 475","Pre-Industrial World Textiles","3","Design History; History Unit; Advised (general list)","Summer II 2027","No","","","","","","","","",""
"ADN 481","Drawing II","3","Application Unit; Advised (general list)","Fall 2026","Yes","001","Lab","Open 13/30","TTh 9:35 AM-12:20 PM","107 Brooks Hall","Young, Deborah Ann","08/17/26 - 12/01/26","","Departmental Approval Required"
"ADN 481","Drawing II","3","Application Unit; Advised (general list)","Spring 2027","No","","","","","","","","",""
"ADN 481","Drawing II","3","Application Unit; Advised (general list)","Summer I 2027","No","","","","","","","","",""
"ADN 481","Drawing II","3","Application Unit; Advised (general list)","Summer II 2027","No","","","","","","","","",""
"ADN 486","Sculpture II","3","Application Unit","Fall 2026","No","","","","","","","","",""
"ADN 486","Sculpture II","3","Application Unit","Spring 2027","No","","","","","","","","",""
"ADN 486","Sculpture II","3","Application Unit","Summer I 2027","No","","","","","","","","",""
"ADN 486","Sculpture II","3","Application Unit","Summer II 2027","No","","","","","","","","",""
"ADN 492","Special Topics in Art + Design","1-3","Design History; Theory Unit; Advised (general list)","Fall 2026","Yes","003","Lec","Open 2/13","MW 3:00 PM-5:45 PM","320 Brooks Hall","Maraffi, Topher","08/17/26 - 12/01/26","Intro to Virtual Production","Departmental Approval Required"
"ADN 492","Special Topics in Art + Design","1-3","Design History; Theory Unit; Advised (general list)","Fall 2026","Yes","601","Lec","Closed 0/25","TTh 8:30 AM-9:45 AM","Distance Education - Online","Millhouse, RJ","08/17/26 - 12/01/26","Spatial Movement + Design","Departmental Approval Required"
"ADN 492","Special Topics in Art + Design","1-3","Design History; Theory Unit; Advised (general list)","Spring 2027","Yes","001","Lec","Open 20/20","M 9:35 AM-12:20 PM","G40 Kamphoefner Hall","Berreth, Todd Michael","01/11/27 - 04/27/27","Narrative and Artmaking through Digital Interface","DS Majors, ADN Minors, ADN Majors and ADNMR Only"
"ADN 492","Special Topics in Art + Design","1-3","Design History; Theory Unit; Advised (general list)","Spring 2027","Yes","003","Lec","Open 17/17","M 9:35 AM-12:20 PM 9:35 AM - 12:20 PM","Leazar Hall 120 / 202 Brooks Hall","Fitzgerald, Patrick J / Fitzgerald,Patrick J","01/11/27 - 04/27/27","Digital Illustration and Experimental Drawing","Prerequisite: ADN 219 or 12ADTRK3"
"ADN 492","Special Topics in Art + Design","1-3","Design History; Theory Unit; Advised (general list)","Spring 2027","Yes","004","Lec","Open 19/19","MW 9:35 AM-12:20 PM TBD","203D Brooks Hall /","Oronsaye, Iyare Emmanuel Christopher / Staff","01/11/27 - 04/27/27","Advanced Digital Imaging","Prerequisite: ADN 219 or 12ADTRK3"
"ADN 492","Special Topics in Art + Design","1-3","Design History; Theory Unit; Advised (general list)","Summer I 2027","No","","","","","","","","",""
"ADN 492","Special Topics in Art + Design","1-3","Design History; Theory Unit; Advised (general list)","Summer II 2027","No","","","","","","","","",""
"ADN 500","Graduate Seminar I: Software, Platforms + Environments","3","Theory Unit","Fall 2026","Yes","001","Sem","Open 8/15","W 9:35 AM-12:20 PM","108 Brooks Hall","Gant, Jedidiah","08/17/26 - 12/01/26","","Departmental Approval Required"
"ADN 500","Graduate Seminar I: Software, Platforms + Environments","3","Theory Unit","Spring 2027","No","","","","","","","","",""
"ADN 500","Graduate Seminar I: Software, Platforms + Environments","3","Theory Unit","Summer I 2027","No","","","","","","","","",""
"ADN 500","Graduate Seminar I: Software, Platforms + Environments","3","Theory Unit","Summer II 2027","No","","","","","","","","",""
"ADN 501","Graduate Seminar II: Art + Design as Future Making","3","Theory Unit","Fall 2026","No","","","","","","","","",""
"ADN 501","Graduate Seminar II: Art + Design as Future Making","3","Theory Unit","Spring 2027","No","","","","","","","","",""
"ADN 501","Graduate Seminar II: Art + Design as Future Making","3","Theory Unit","Summer I 2027","No","","","","","","","","",""
"ADN 501","Graduate Seminar II: Art + Design as Future Making","3","Theory Unit","Summer II 2027","No","","","","","","","","",""
"ADN 571","Graduate Studio IV: Final Project Development","9","Advised (general list)","Fall 2026","No","","","","","","","","",""
"ADN 571","Graduate Studio IV: Final Project Development","9","Advised (general list)","Spring 2027","No","","","","","","","","",""
"ADN 571","Graduate Studio IV: Final Project Development","9","Advised (general list)","Summer I 2027","No","","","","","","","","",""
"ADN 571","Graduate Studio IV: Final Project Development","9","Advised (general list)","Summer II 2027","No","","","","","","","","",""
"ADN 575","Pre-Industrial World Textiles","3","Design History; History Unit; Advised (general list)","Fall 2026","No","","","","","","","","",""
"ADN 575","Pre-Industrial World Textiles","3","Design History; History Unit; Advised (general list)","Spring 2027","No","","","","","","","","",""
"ADN 575","Pre-Industrial World Textiles","3","Design History; History Unit; Advised (general list)","Summer I 2027","No","","","","","","","","",""
"ADN 575","Pre-Industrial World Textiles","3","Design History; History Unit; Advised (general list)","Summer II 2027","No","","","","","","","","",""
"AFS 275","Introduction to History of South and East Africa","3","Humanities; History Unit","Fall 2026","No","","","","","","","","",""
"AFS 275","Introduction to History of South and East Africa","3","Humanities; History Unit","Spring 2027","No","","","","","","","","",""
"AFS 275","Introduction to History of South and East Africa","3","Humanities; History Unit","Summer I 2027","No","","","","","","","","",""
"AFS 275","Introduction to History of South and East Africa","3","Humanities; History Unit","Summer II 2027","No","","","","","","","","",""
"AFS 276","Introduction to History of West Africa","3","Humanities; History Unit","Fall 2026","No","","","","","","","","",""
"AFS 276","Introduction to History of West Africa","3","Humanities; History Unit","Spring 2027","No","","","","","","","","",""
"AFS 276","Introduction to History of West Africa","3","Humanities; History Unit","Summer I 2027","No","","","","","","","","",""
"AFS 276","Introduction to History of West Africa","3","Humanities; History Unit","Summer II 2027","No","","","","","","","","",""
"AFS 372","African-American History Through the Civil War, 1619-1865","3","Humanities; History Unit; Advised (general list)","Fall 2026","No","","","","","","","","",""
"AFS 372","African-American History Through the Civil War, 1619-1865","3","Humanities; History Unit; Advised (general list)","Spring 2027","No","","","","","","","","",""
"AFS 372","African-American History Through the Civil War, 1619-1865","3","Humanities; History Unit; Advised (general list)","Summer I 2027","No","","","","","","","","",""
"AFS 372","African-American History Through the Civil War, 1619-1865","3","Humanities; History Unit; Advised (general list)","Summer II 2027","No","","","","","","","","",""
"AFS 373","African-American History Since 1865","3","Humanities; History Unit; Advised (general list)","Fall 2026","No","","","","","","","","",""
"AFS 373","African-American History Since 1865","3","Humanities; History Unit; Advised (general list)","Spring 2027","No","","","","","","","","",""
"AFS 373","African-American History Since 1865","3","Humanities; History Unit; Advised (general list)","Summer I 2027","No","","","","","","","","",""
"AFS 373","African-American History Since 1865","3","Humanities; History Unit; Advised (general list)","Summer II 2027","No","","","","","","","","",""
"AFS 455","History of the Civil Rights Movement","3","Humanities; History Unit; Advised (general list)","Fall 2026","No","","","","","","","","",""
"AFS 455","History of the Civil Rights Movement","3","Humanities; History Unit; Advised (general list)","Spring 2027","No","","","","","","","","",""
"AFS 455","History of the Civil Rights Movement","3","Humanities; History Unit; Advised (general list)","Summer I 2027","No","","","","","","","","",""
"AFS 455","History of the Civil Rights Movement","3","Humanities; History Unit; Advised (general list)","Summer II 2027","No","","","","","","","","",""
"AFS 475","History of the Republic of South Africa","3","Humanities; History Unit; Advised (general list)","Fall 2026","No","","","","","","","","",""
"AFS 475","History of the Republic of South Africa","3","Humanities; History Unit; Advised (general list)","Spring 2027","No","","","","","","","","",""
"AFS 475","History of the Republic of South Africa","3","Humanities; History Unit; Advised (general list)","Summer I 2027","No","","","","","","","","",""
"AFS 475","History of the Republic of South Africa","3","Humanities; History Unit; Advised (general list)","Summer II 2027","No","","","","","","","","",""
"AFS 476","Leadership in Modern Africa","3","Humanities; History Unit; Advised (general list)","Fall 2026","No","","","","","","","","",""
"AFS 476","Leadership in Modern Africa","3","Humanities; History Unit; Advised (general list)","Spring 2027","No","","","","","","","","",""
"AFS 476","Leadership in Modern Africa","3","Humanities; History Unit; Advised (general list)","Summer I 2027","No","","","","","","","","",""
"AFS 476","Leadership in Modern Africa","3","Humanities; History Unit; Advised (general list)","Summer II 2027","No","","","","","","","","",""
"AFS 479","Africa (sub-Saharan) in the Twentieth Century","3","Humanities; History Unit; Advised (general list)","Fall 2026","No","","","","","","","","",""
"AFS 479","Africa (sub-Saharan) in the Twentieth Century","3","Humanities; History Unit; Advised (general list)","Spring 2027","No","","","","","","","","",""
"AFS 479","Africa (sub-Saharan) in the Twentieth Century","3","Humanities; History Unit; Advised (general list)","Summer I 2027","No","","","","","","","","",""
"AFS 479","Africa (sub-Saharan) in the Twentieth Century","3","Humanities; History Unit; Advised (general list)","Summer II 2027","No","","","","","","","","",""
"AFS 555","History of the Civil Rights Movement","3","Humanities; History Unit; Advised (general list)","Fall 2026","No","","","","","","","","",""
"AFS 555","History of the Civil Rights Movement","3","Humanities; History Unit; Advised (general list)","Spring 2027","No","","","","","","","","",""
"AFS 555","History of the Civil Rights Movement","3","Humanities; History Unit; Advised (general list)","Summer I 2027","No","","","","","","","","",""
"AFS 555","History of the Civil Rights Movement","3","Humanities; History Unit; Advised (general list)","Summer II 2027","No","","","","","","","","",""
"AFS 575","History of the Republic of South Africa","3","Humanities; History Unit; Advised (general list)","Fall 2026","No","","","","","","","","",""
"AFS 575","History of the Republic of South Africa","3","Humanities; History Unit; Advised (general list)","Spring 2027","No","","","","","","","","",""
"AFS 575","History of the Republic of South Africa","3","Humanities; History Unit; Advised (general list)","Summer I 2027","No","","","","","","","","",""
"AFS 575","History of the Republic of South Africa","3","Humanities; History Unit; Advised (general list)","Summer II 2027","No","","","","","","","","",""
"AFS 576","Leadership in Modern Africa","3","Humanities; History Unit; Advised (general list)","Fall 2026","No","","","","","","","","",""
"AFS 576","Leadership in Modern Africa","3","Humanities; History Unit; Advised (general list)","Spring 2027","No","","","","","","","","",""
"AFS 576","Leadership in Modern Africa","3","Humanities; History Unit; Advised (general list)","Summer I 2027","No","","","","","","","","",""
"AFS 576","Leadership in Modern Africa","3","Humanities; History Unit; Advised (general list)","Summer II 2027","No","","","","","","","","",""
"AFS 579","Africa (sub-Saharan) in the Twentieth Century","3","Humanities; History Unit; Advised (general list)","Fall 2026","No","","","","","","","","",""
"AFS 579","Africa (sub-Saharan) in the Twentieth Century","3","Humanities; History Unit; Advised (general list)","Spring 2027","No","","","","","","","","",""
"AFS 579","Africa (sub-Saharan) in the Twentieth Century","3","Humanities; History Unit; Advised (general list)","Summer I 2027","No","","","","","","","","",""
"AFS 579","Africa (sub-Saharan) in the Twentieth Century","3","Humanities; History Unit; Advised (general list)","Summer II 2027","No","","","","","","","","",""
"ANT 587","Cultural Resource Management","3","Advised (general list)","Fall 2026","No","","","","","","","","",""
"ANT 587","Cultural Resource Management","3","Advised (general list)","Spring 2027","No","","","","","","","","",""
"ANT 587","Cultural Resource Management","3","Advised (general list)","Summer I 2027","No","","","","","","","","",""
"ANT 587","Cultural Resource Management","3","Advised (general list)","Summer II 2027","No","","","","","","","","",""
"ARC 140","Experiencing Architecture","3","Theory Unit","Fall 2026","No","","","","","","","","",""
"ARC 140","Experiencing Architecture","3","Theory Unit","Spring 2027","No","","","","","","","","",""
"ARC 140","Experiencing Architecture","3","Theory Unit","Summer I 2027","No","","","","","","","","",""
"ARC 140","Experiencing Architecture","3","Theory Unit","Summer II 2027","No","","","","","","","","",""
"ARC 232","Structures and Materials","3","Application Unit","Fall 2026","No","","","","","","","","",""
"ARC 232","Structures and Materials","3","Application Unit","Spring 2027","Yes","001","Lec","Open 65/65","TTh 8:30 AM-9:45 AM","218 111 Lampe Drive","Staff","01/11/27 - 04/27/27","","Prerequisite: BED-A students or Master of Arch, Track 3 stud"
"ARC 232","Structures and Materials","3","Application Unit","Spring 2027","Yes","201","Lab","Open 65/65","Th 10:15 AM-11:30 AM","218 111 Lampe Drive","Staff","01/11/27 - 04/27/27","","Prerequisite: BED-A students or Master of Arch, Track 3 stud"
"ARC 232","Structures and Materials","3","Application Unit","Summer I 2027","No","","","","","","","","",""
"ARC 232","Structures and Materials","3","Application Unit","Summer II 2027","No","","","","","","","","",""
"ARC 241","History of World Architecture","3","Design History; History Unit","Fall 2026","Yes","001","Lec","Open 4/75","TTh 10:15 AM-11:30 AM","G20 Kamphoefner Hall","Schaffer, Kristen J","08/17/26 - 12/01/26","","BEDA and MARC T-3 Track Students Only Departmental Approval "
"ARC 241","History of World Architecture","3","Design History; History Unit","Spring 2027","No","","","","","","","","",""
"ARC 241","History of World Architecture","3","Design History; History Unit","Summer I 2027","No","","","","","","","","",""
"ARC 241","History of World Architecture","3","Design History; History Unit","Summer II 2027","No","","","","","","","","",""
"ARC 242","History of Western Architecture","3","Design History; History Unit","Fall 2026","No","","","","","","","","",""
"ARC 242","History of Western Architecture","3","Design History; History Unit","Spring 2027","Yes","001","Lec","Open 70/70","TTh 11:45 AM-1:00 PM","G20 Kamphoefner Hall","Schaffer, Kristen J","01/11/27 - 04/27/27","",""
"ARC 242","History of Western Architecture","3","Design History; History Unit","Summer I 2027","No","","","","","","","","",""
"ARC 242","History of Western Architecture","3","Design History; History Unit","Summer II 2027","No","","","","","","","","",""
"ARC 441","History of Contemporary Architecture","3","History Unit; Advised (general list)","Fall 2026","Yes","001","Lec","Open 19/70","TTh 3:00 PM-4:15 PM","218 111 Lampe Drive","Watson, Joseph Michael","08/17/26 - 12/01/26","","Architecture or Environmental Design in Architecture Majors "
"ARC 441","History of Contemporary Architecture","3","History Unit; Advised (general list)","Spring 2027","No","","","","","","","","",""
"ARC 441","History of Contemporary Architecture","3","History Unit; Advised (general list)","Summer I 2027","No","","","","","","","","",""
"ARC 441","History of Contemporary Architecture","3","History Unit; Advised (general list)","Summer II 2027","No","","","","","","","","",""
"ARC 442","History of NC Architecture","3","Advised (general list)","Fall 2026","No","","","","","","","","",""
"ARC 442","History of NC Architecture","3","Advised (general list)","Spring 2027","No","","","","","","","","",""
"ARC 442","History of NC Architecture","3","Advised (general list)","Summer I 2027","No","","","","","","","","",""
"ARC 442","History of NC Architecture","3","Advised (general list)","Summer II 2027","No","","","","","","","","",""
"ARS 494","Seminar in Arts Studies","3","Art History Survey","Fall 2026","No","","","","","","","","",""
"ARS 494","Seminar in Arts Studies","3","Art History Survey","Spring 2027","Yes","001","Lec","Open 20/20","TTh 10:15 AM-11:30 AM","212 Caldwell Hall","Waschka II, Rodney Anthony","01/11/27 - 04/27/27","",""
"ARS 494","Seminar in Arts Studies","3","Art History Survey","Summer I 2027","No","","","","","","","","",""
"ARS 494","Seminar in Arts Studies","3","Art History Survey","Summer II 2027","No","","","","","","","","",""
"COM 257","Media History and Theory","3","Art History Survey; History Unit","Fall 2026","Yes","001","Lec","Closed 0/35","MW 10:15 AM-11:30 AM","129 Winston Hall","Cooper, Kacey Krystal","08/17/26 - 12/01/26","","Communication Majors Departmental Approval Required"
"COM 257","Media History and Theory","3","Art History Survey; History Unit","Spring 2027","Yes","001","Lec","Open 30/30","MW 8:30 AM-9:45 AM","4 Winston Hall","Spanellis, Stephen Joseph","01/11/27 - 04/27/27","","Communication Majors"
"COM 257","Media History and Theory","3","Art History Survey; History Unit","Summer I 2027","No","","","","","","","","",""
"COM 257","Media History and Theory","3","Art History Survey; History Unit","Summer II 2027","No","","","","","","","","",""
"COM 364","History of Film to 1940","3","Art History Survey","Fall 2026","Yes","001","Lec","Closed 0/5","TTh 10:40 AM-12:30 PM","G111 Caldwell Hall","Thapa, Anu","08/17/26 - 12/01/26","","Departmental Approval Required"
"COM 364","History of Film to 1940","3","Art History Survey","Spring 2027","No","","","","","","","","",""
"COM 364","History of Film to 1940","3","Art History Survey","Summer I 2027","No","","","","","","","","",""
"COM 364","History of Film to 1940","3","Art History Survey","Summer II 2027","No","","","","","","","","",""
"COM 374","History of Film From 1940","3","Art History Survey","Fall 2026","No","","","","","","","","",""
"COM 374","History of Film From 1940","3","Art History Survey","Spring 2027","Yes","001","Lec","Open 5/5","TTh 12:50 PM-2:40 PM","G111 Caldwell Hall","Thapa, Anu","01/11/27 - 04/27/27","",""
"COM 374","History of Film From 1940","3","Art History Survey","Summer I 2027","No","","","","","","","","",""
"COM 374","History of Film From 1940","3","Art History Survey","Summer II 2027","No","","","","","","","","",""
"COM 508","Emerging Technologies and Society","3","Advised (general list)","Fall 2026","No","","","","","","","","",""
"COM 508","Emerging Technologies and Society","3","Advised (general list)","Spring 2027","No","","","","","","","","",""
"COM 508","Emerging Technologies and Society","3","Advised (general list)","Summer I 2027","No","","","","","","","","",""
"COM 508","Emerging Technologies and Society","3","Advised (general list)","Summer II 2027","No","","","","","","","","",""
"D 231","Design History for Engineers and Scientists","","Advisor approval (not on catalog list)","Fall 2026","No","","","","","","","","",""
"D 231","Design History for Engineers and Scientists","","Advisor approval (not on catalog list)","Spring 2027","No","","","","","","","","",""
"D 231","Design History for Engineers and Scientists","","Advisor approval (not on catalog list)","Summer I 2027","No","","","","","","","","",""
"D 231","Design History for Engineers and Scientists","","Advisor approval (not on catalog list)","Summer II 2027","No","","","","","","","","",""
"D 292","Special Topics in Design","1-3","Theory Unit; History Unit","Fall 2026","No","","","","","","","","",""
"D 292","Special Topics in Design","1-3","Theory Unit; History Unit","Spring 2027","No","","","","","","","","",""
"D 292","Special Topics in Design","1-3","Theory Unit; History Unit","Summer I 2027","No","","","","","","","","",""
"D 292","Special Topics in Design","1-3","Theory Unit; History Unit","Summer II 2027","No","","","","","","","","",""
"D 492","Special Topics in Design","1-6","Theory Unit; History Unit","Fall 2026","No","","","","","","","","",""
"D 492","Special Topics in Design","1-6","Theory Unit; History Unit","Spring 2027","No","","","","","","","","",""
"D 492","Special Topics in Design","1-6","Theory Unit; History Unit","Summer I 2027","No","","","","","","","","",""
"D 492","Special Topics in Design","1-6","Theory Unit; History Unit","Summer II 2027","No","","","","","","","","",""
"D 592","Special Topics in Design","1-6","Theory Unit; History Unit","Fall 2026","No","","","","","","","","",""
"D 592","Special Topics in Design","1-6","Theory Unit; History Unit","Spring 2027","No","","","","","","","","",""
"D 592","Special Topics in Design","1-6","Theory Unit; History Unit","Summer I 2027","No","","","","","","","","",""
"D 592","Special Topics in Design","1-6","Theory Unit; History Unit","Summer II 2027","No","","","","","","","","",""
"DS 292","Special Topics in Design Studies","","Advisor approval (not on catalog list)","Fall 2026","No","","","","","","","","",""
"DS 292","Special Topics in Design Studies","","Advisor approval (not on catalog list)","Spring 2027","No","","","","","","","","",""
"DS 292","Special Topics in Design Studies","","Advisor approval (not on catalog list)","Summer I 2027","No","","","","","","","","",""
"DS 292","Special Topics in Design Studies","","Advisor approval (not on catalog list)","Summer II 2027","No","","","","","","","","",""
"DS 451","Design Writing: Insight and Critique","3","Advisor approval (not on catalog list)","Fall 2026","Yes","001","Sem","Open 9/20","M 1:30 PM-4:15 PM","312 Leazar Hall","Gant, Jedidiah","08/17/26 - 12/01/26","","Departmental Approval Required"
"DS 451","Design Writing: Insight and Critique","3","Advisor approval (not on catalog list)","Spring 2027","No","","","","","","","","",""
"DS 451","Design Writing: Insight and Critique","3","Advisor approval (not on catalog list)","Summer I 2027","No","","","","","","","","",""
"DS 451","Design Writing: Insight and Critique","3","Advisor approval (not on catalog list)","Summer II 2027","No","","","","","","","","",""
"DS 492","Special Topics in Design Studies","1-6","Advisor approval (not on catalog list)","Fall 2026","Yes","001","Lec","Open 11/24","W 1:30 PM-4:15 PM","G40 Kamphoefner Hall","Allen, Tania Leigh","08/17/26 - 12/01/26","Design for Imperfection: User-Experience Research","R: Undergraduate Design students or ADNMR Departmental Approval Required"
"DS 492","Special Topics in Design Studies","1-6","Advisor approval (not on catalog list)","Fall 2026","Yes","002","Lec","Open 4/24","M 1:30 PM-4:15 PM","G40 Kamphoefner Hall","Williamson, Bess","08/17/26 - 12/01/26","Major Movements in Media Arts, Design & Tech","12ADNB or 12DSBA or ADNMR Only Departmental Approval Required"
"DS 492","Special Topics in Design Studies","1-6","Advisor approval (not on catalog list)","Fall 2026","Yes","003","Lec","Open 6/18","TTh 1:30 PM-2:45 PM","101 111 Lampe Drive","Kowalski, Alison","08/17/26 - 12/01/26","History of Industrial Design","Departmental Approval Required"
"DS 492","Special Topics in Design Studies","1-6","Advisor approval (not on catalog list)","Fall 2026","Yes","601","Lec","Closed 0/10","TBD","Distance Education - Online","Téllez, Andrés","08/17/26 - 12/01/26","Global Design Internship","Instructor Approval Required"
"DS 492","Special Topics in Design Studies","1-6","Advisor approval (not on catalog list)","Spring 2027","Yes","001","Lec","Open 24/24","T 1:30 PM-4:15 PM","310 Leazar Hall","Williamson, Bess","01/11/27 - 04/27/27","Accessible and Sustainable Design","DS Majors, ADN Minors, and ADN Majors Only Departmental Approval Required"
"DS 492","Special Topics in Design Studies","1-6","Advisor approval (not on catalog list)","Spring 2027","Yes","002","Lec","Open 23/23","T 1:30 PM-4:15 PM","101 111 Lampe Drive","Swaim, Jillian","01/11/27 - 04/27/27","Intro to Design Research","12DSBA Students Only Departmental Approval Required"
"DS 492","Special Topics in Design Studies","1-6","Advisor approval (not on catalog list)","Spring 2027","Yes","003","Lec","Open 23/23","Th 1:30 PM-4:15 PM","123 111 Lampe Drive","Téllez, Andrés","01/11/27 - 04/27/27","Intro to Design Research","12DSBA Students Only Departmental Approval Required"
"DS 492","Special Topics in Design Studies","1-6","Advisor approval (not on catalog list)","Spring 2027","Yes","004","Lec","Open 20/20","W 1:30 PM-4:15 PM","312 Leazar Hall","Williamson, Bess","01/11/27 - 04/27/27","Curating Design and Material Culture","DS Majors, ADN Minors, and ADN Majors Only Departmental Approval Required"
"DS 492","Special Topics in Design Studies","1-6","Advisor approval (not on catalog list)","Spring 2027","Yes","005","Lec","Open 24/24","TTh 1:30 PM-2:45 PM","G40 Kamphoefner Hall","Kowalski, Alison","01/11/27 - 04/27/27","Global Microhistories of Design","DS Majors, ADN Minors, and ADN Majors Only Departmental Approval Required"
"DS 492","Special Topics in Design Studies","1-6","Advisor approval (not on catalog list)","Summer I 2027","No","","","","","","","","",""
"DS 492","Special Topics in Design Studies","1-6","Advisor approval (not on catalog list)","Summer II 2027","No","","","","","","","","",""
"DS 494","Design Studies Internship","1-6","Application Unit; Advised (general list)","Fall 2026","Yes","001","Int","Open 5/5","TBD","","Allen, Tania Leigh","08/17/26 - 12/01/26","","Instructor Approval Required"
"DS 494","Design Studies Internship","1-6","Application Unit; Advised (general list)","Fall 2026","Yes","002","Int","Open 1/1","TBD","","Williamson, Bess","08/17/26 - 12/01/26","","Instructor Approval Required"
"DS 494","Design Studies Internship","1-6","Application Unit; Advised (general list)","Spring 2027","Yes","001","Int","Open 15/15","TBD","Room To Be Announced","Allen, Tania Leigh","01/11/27 - 04/27/27","","Instructor Approval Required"
"DS 494","Design Studies Internship","1-6","Application Unit; Advised (general list)","Summer I 2027","Yes","001","Int","Open 3/3","TBD","","Allen, Tania Leigh","05/19/27 - 06/23/27 / Summer Five Week Session","","Instructor Approval Required"
"DS 494","Design Studies Internship","1-6","Application Unit; Advised (general list)","Summer I 2027","Yes","014","Int","Open 5/5","TBD","","Allen, Tania Leigh","05/19/27 - 07/30/27 / Summer Ten Week Session","","Instructor Approval Required"
"DS 494","Design Studies Internship","1-6","Application Unit; Advised (general list)","Summer II 2027","Yes","001","Int","Open 5/5","TBD","","Allen, Tania Leigh","06/28/27 - 07/30/27 / Summer Five Week Session","","Instructor Approval Required"
"DS 494","Design Studies Internship","1-6","Application Unit; Advised (general list)","Summer II 2027","Yes","002","Int","Open 5/5","TBD","","Williamson, Bess","06/28/27 - 07/30/27 / Summer Five Week Session","","Instructor Approval Required"
"ENG 208","Studies In Fiction","3","Advanced Writing","Fall 2026","Yes","001","Lec","Closed 0/35","TTh 1:30 PM-2:45 PM","110 Winston Hall","Phillips, Thomas P.","08/17/26 - 12/01/26","","Departmental Approval Required"
"ENG 208","Studies In Fiction","3","Advanced Writing","Spring 2027","Yes","001","Lec","Open 60/60","TTh 3:00 PM-4:15 PM","G111 Caldwell Hall","Phillips, Thomas P.","01/11/27 - 04/27/27","",""
"ENG 208","Studies In Fiction","3","Advanced Writing","Summer I 2027","No","","","","","","","","",""
"ENG 208","Studies In Fiction","3","Advanced Writing","Summer II 2027","No","","","","","","","","",""
"ENG 214","Introduction to Editing","3","Advanced Writing","Fall 2026","Yes","301","Lec","Open 1/44","T 3:00 PM-4:15 PM 3:00 PM - 4:15 PM","G118 Tompkins Hall / Hybrid - Online and In-Person","Isom, Paul Christopher / Staff","08/17/26 - 12/01/26","","Departmental Approval Required"
"ENG 214","Introduction to Editing","3","Advanced Writing","Fall 2026","Yes","601","Lec","Open 1/44","TBD","Distance Education - Online","Gala, Christa Williams","08/17/26 - 12/01/26","","Departmental Approval Required"
"ENG 214","Introduction to Editing","3","Advanced Writing","Spring 2027","Yes","601","Lec","Open 44/44","TBD","Distance Education - Online","Gala, Christa Williams","01/11/27 - 04/27/27","",""
"ENG 214","Introduction to Editing","3","Advanced Writing","Spring 2027","Yes","602","Lec","Open 44/44","TBD","Distance Education - Online","Isom, Paul Christopher","01/11/27 - 04/27/27","",""
"ENG 214","Introduction to Editing","3","Advanced Writing","Summer I 2027","No","","","","","","","","",""
"ENG 214","Introduction to Editing","3","Advanced Writing","Summer II 2027","Yes","601","Lec","Open 22/22","TBD","Distance Education - Online","Isom, Paul Christopher","06/28/27 - 07/30/27 / Summer Five Week Session","",""
"ENG 281","Introduction to Creative Nonfiction","3","Advanced Writing","Fall 2026","Yes","001","Sem","Closed 0/22","TTh 1:30 PM-2:45 PM","G108 Caldwell Hall","Boggs, Belle McQuaide","08/17/26 - 12/01/26","","Departmental Approval Required"
"ENG 281","Introduction to Creative Nonfiction","3","Advanced Writing","Spring 2027","No","","","","","","","","",""
"ENG 281","Introduction to Creative Nonfiction","3","Advanced Writing","Summer I 2027","No","","","","","","","","",""
"ENG 281","Introduction to Creative Nonfiction","3","Advanced Writing","Summer II 2027","No","","","","","","","","",""
"ENG 287","Explorations in Creative Writing","3","Advanced Writing","Fall 2026","Yes","001","Lec","Closed 0/22","MW 10:15 AM-11:30 AM","20 Winston Hall","Krieg, Chelsea","08/17/26 - 12/01/26","","Departmental Approval Required"
"ENG 287","Explorations in Creative Writing","3","Advanced Writing","Fall 2026","Yes","002","Lec","Open 1/22","MW 1:30 PM-2:45 PM","213 Winston Hall","Rico, Spencer Xavier","08/17/26 - 12/01/26","","Departmental Approval Required"
"ENG 287","Explorations in Creative Writing","3","Advanced Writing","Fall 2026","Yes","003","Lec","Closed 0/22","TTh 11:45 AM-1:00 PM","209 Winston Hall","Ogeh, Beatrice","08/17/26 - 12/01/26","","Departmental Approval Required"
"ENG 287","Explorations in Creative Writing","3","Advanced Writing","Fall 2026","Yes","004","Lec","Closed 0/22","TTh 3:00 PM-4:15 PM","G117 Tompkins Hall","Ogeh, Beatrice","08/17/26 - 12/01/26","","Departmental Approval Required"
"ENG 287","Explorations in Creative Writing","3","Advanced Writing","Spring 2027","Yes","001","Lec","Open 22/22","MW 1:30 PM-2:45 PM","G108 Caldwell Hall","Ogeh, Beatrice","01/11/27 - 04/27/27","",""
"ENG 287","Explorations in Creative Writing","3","Advanced Writing","Spring 2027","Yes","002","Lec","Open 22/22","WF 1:30 PM-2:45 PM","205 Winston Hall","Rico, Spencer Xavier","01/11/27 - 04/27/27","",""
"ENG 287","Explorations in Creative Writing","3","Advanced Writing","Spring 2027","Yes","003","Lec","Open 22/22","WF 3:00 PM-4:15 PM","205 Winston Hall","Rico, Spencer Xavier","01/11/27 - 04/27/27","",""
"ENG 287","Explorations in Creative Writing","3","Advanced Writing","Summer I 2027","Yes","601","Lec","Open 22/22","MTWThF 9:50 AM-11:20 AM","Distance Education - Online","Krieg, Chelsea","05/19/27 - 06/23/27 / Summer Five Week Session","",""
"ENG 287","Explorations in Creative Writing","3","Advanced Writing","Summer II 2027","No","","","","","","","","",""
"ENG 288","Fiction Writing","3","Advanced Writing","Fall 2026","Yes","001","Lec","Closed 0/22","MW 11:45 AM-1:00 PM","20 Winston Hall","McQueen, LaTanya Denise","08/17/26 - 12/01/26","","Departmental Approval Required"
"ENG 288","Fiction Writing","3","Advanced Writing","Fall 2026","Yes","002","Lec","Closed 0/22","MW 4:30 PM-5:45 PM","2 Winston Hall","Garbacik, Jaimee","08/17/26 - 12/01/26","","Departmental Approval Required"
"ENG 288","Fiction Writing","3","Advanced Writing","Fall 2026","Yes","003","Lec","Open 1/22","TTh 4:30 PM-5:45 PM","1 Winston Hall","Franks, Max","08/17/26 - 12/01/26","","Departmental Approval Required"
"ENG 288","Fiction Writing","3","Advanced Writing","Fall 2026","Yes","004","Lec","Closed 0/22","TTh 3:00 PM-4:15 PM","1 Winston Hall","Franks, Max","08/17/26 - 12/01/26","","Departmental Approval Required"
"ENG 288","Fiction Writing","3","Advanced Writing","Spring 2027","Yes","001","Lec","Open 22/22","MW 4:30 PM-5:45 PM","2 Winston Hall","Franks, Max","01/11/27 - 04/27/27","",""
"ENG 288","Fiction Writing","3","Advanced Writing","Spring 2027","Yes","002","Lec","Open 22/22","TTh 10:15 AM-11:30 AM","G110 Caldwell Hall","Garbacik, Jaimee","01/11/27 - 04/27/27","",""
"ENG 288","Fiction Writing","3","Advanced Writing","Spring 2027","Yes","003","Lec","Open 22/22","TTh 1:30 PM-2:45 PM","4 Winston Hall","Garbacik, Jaimee","01/11/27 - 04/27/27","",""
"ENG 288","Fiction Writing","3","Advanced Writing","Summer I 2027","No","","","","","","","","",""
"ENG 288","Fiction Writing","3","Advanced Writing","Summer II 2027","No","","","","","","","","",""
"ENG 292","Writing About Film","3","Advanced Writing","Fall 2026","Yes","001","Lec","Closed 0/22","W 3:00 PM-5:45 PM","G109 Tompkins Hall","Gordon, Marsha","08/17/26 - 12/01/26","","Departmental Approval Required"
"ENG 292","Writing About Film","3","Advanced Writing","Spring 2027","Yes","001","Lec","Open 22/22","M 11:45 AM-2:30 PM","G126 Tompkins Hall","Stadler, John Paul","01/11/27 - 04/27/27","",""
"ENG 292","Writing About Film","3","Advanced Writing","Summer I 2027","Yes","601","Lec","Open 22/22","TBD","Distance Education - Online","Johnston, Andrew Robert","05/19/27 - 06/23/27 / Summer Five Week Session","",""
"ENG 292","Writing About Film","3","Advanced Writing","Summer II 2027","No","","","","","","","","",""
"ENG 316","Introduction to News and Article Writing","3","Advanced Writing","Fall 2026","Yes","001","Lec","Closed 0/22","MW 10:15 AM-11:30 AM","4 Winston Hall","Gala, Christa Williams","08/17/26 - 12/01/26","","Departmental Approval Required"
"ENG 316","Introduction to News and Article Writing","3","Advanced Writing","Fall 2026","Yes","002","Lec","Closed 0/22","MW 11:45 AM-1:00 PM","4 Winston Hall","Gala, Christa Williams","08/17/26 - 12/01/26","","Departmental Approval Required"
"ENG 316","Introduction to News and Article Writing","3","Advanced Writing","Fall 2026","Yes","301","Lec","Closed 0/22","T 4:30 PM-5:45 PM 4:30 PM - 5:45 PM","G117 Tompkins Hall / Hybrid - Online and In-Person","Isom, Paul Christopher / Staff","08/17/26 - 12/01/26","","Departmental Approval Required"
"ENG 316","Introduction to News and Article Writing","3","Advanced Writing","Spring 2027","Yes","001","Lec","Open 22/22","TTh 10:15 AM-11:30 AM","213 Winston Hall","Gala, Christa Williams","01/11/27 - 04/27/27","",""
"ENG 316","Introduction to News and Article Writing","3","Advanced Writing","Spring 2027","Yes","301","Lec","Open 22/22","W 3:00 PM-4:15 PM 3:00 PM - 4:15 PM","G125 Tompkins Hall / Hybrid - Online and In-Person","Isom, Paul Christopher / Staff","01/11/27 - 04/27/27","",""
"ENG 316","Introduction to News and Article Writing","3","Advanced Writing","Spring 2027","Yes","302","Lec","Open 22/22","W 4:30 PM-5:45 PM 4:30 PM - 5:45 PM","G125 Tompkins Hall / Hybrid - Online and In-Person","Isom, Paul Christopher / Staff","01/11/27 - 04/27/27","",""
"ENG 316","Introduction to News and Article Writing","3","Advanced Writing","Summer I 2027","No","","","","","","","","",""
"ENG 316","Introduction to News and Article Writing","3","Advanced Writing","Summer II 2027","No","","","","","","","","",""
"ENG 323","Writing in Rhetorical Traditions","3","Advanced Writing","Fall 2026","Yes","001","Lec","Open 1/25","MW 8:30 AM-9:45 AM","G115 Tompkins Hall","Rieder, David M","08/17/26 - 12/01/26","","Departmental Approval Required"
"ENG 323","Writing in Rhetorical Traditions","3","Advanced Writing","Fall 2026","Yes","002","Lec","Open 1/25","MW 3:00 PM-4:15 PM","G126 Tompkins Hall","Fedukovich, Casie J","08/17/26 - 12/01/26","","Departmental Approval Required"
"ENG 323","Writing in Rhetorical Traditions","3","Advanced Writing","Spring 2027","Yes","001","Lec","Open 25/25","WF 8:30 AM-9:45 AM","G117 Tompkins Hall","Rieder, David M","01/11/27 - 04/27/27","",""
"ENG 323","Writing in Rhetorical Traditions","3","Advanced Writing","Spring 2027","Yes","002","Lec","Open 25/25","TTh 3:00 PM-4:15 PM","G115 Tompkins Hall","Cooper, Kacey Krystal","01/11/27 - 04/27/27","",""
"ENG 323","Writing in Rhetorical Traditions","3","Advanced Writing","Summer I 2027","No","","","","","","","","",""
"ENG 323","Writing in Rhetorical Traditions","3","Advanced Writing","Summer II 2027","No","","","","","","","","",""
"ENG 324","Modern English Syntax","3","Advanced Writing","Fall 2026","Yes","001","Lec","Closed 0/30","MW 1:30 PM-2:45 PM","G113 Tompkins Hall","Barnhardt, Adam","08/17/26 - 12/01/26","","Departmental Approval Required"
"ENG 324","Modern English Syntax","3","Advanced Writing","Spring 2027","No","","","","","","","","",""
"ENG 324","Modern English Syntax","3","Advanced Writing","Summer I 2027","No","","","","","","","","",""
"ENG 324","Modern English Syntax","3","Advanced Writing","Summer II 2027","No","","","","","","","","",""
"ENG 325","Spoken and Written Traditions of American English Dialects","3","Advanced Writing","Fall 2026","No","","","","","","","","",""
"ENG 325","Spoken and Written Traditions of American English Dialects","3","Advanced Writing","Spring 2027","No","","","","","","","","",""
"ENG 325","Spoken and Written Traditions of American English Dialects","3","Advanced Writing","Summer I 2027","No","","","","","","","","",""
"ENG 325","Spoken and Written Traditions of American English Dialects","3","Advanced Writing","Summer II 2027","No","","","","","","","","",""
"ENG 330","Screenwriting","3","Advanced Writing","Fall 2026","Yes","001","Lec","Closed 0/20","T 3:00 PM-5:45 PM","G109 Tompkins Hall","Jenkins, Tommy","08/17/26 - 12/01/26","","Departmental Approval Required"
"ENG 330","Screenwriting","3","Advanced Writing","Spring 2027","Yes","001","Lec","Open 20/20","T 3:00 PM-5:45 PM","G109 Tompkins Hall","Jenkins, Tommy","01/11/27 - 04/27/27","",""
"ENG 330","Screenwriting","3","Advanced Writing","Summer I 2027","Yes","601","Lec","Open 20/20","TBD","Distance Education - Online","Jenkins, Tommy","05/19/27 - 06/23/27 / Summer Five Week Session","","Departmental Approval Required"
"ENG 330","Screenwriting","3","Advanced Writing","Summer II 2027","No","","","","","","","","",""
"ENG 364","History of Film to 1940","3","Art History Survey","Fall 2026","Yes","001","Lec","Open 6/30","TTh 10:40 AM-12:30 PM","G111 Caldwell Hall","Thapa, Anu","08/17/26 - 12/01/26","","Departmental Approval Required"
"ENG 364","History of Film to 1940","3","Art History Survey","Spring 2027","No","","","","","","","","",""
"ENG 364","History of Film to 1940","3","Art History Survey","Summer I 2027","No","","","","","","","","",""
"ENG 364","History of Film to 1940","3","Art History Survey","Summer II 2027","No","","","","","","","","",""
"ENG 374","History of Film From 1940","3","Art History Survey","Fall 2026","No","","","","","","","","",""
"ENG 374","History of Film From 1940","3","Art History Survey","Spring 2027","Yes","001","Lec","Open 30/30","TTh 12:50 PM-2:40 PM","G111 Caldwell Hall","Thapa, Anu","01/11/27 - 04/27/27","",""
"ENG 374","History of Film From 1940","3","Art History Survey","Summer I 2027","No","","","","","","","","",""
"ENG 374","History of Film From 1940","3","Art History Survey","Summer II 2027","No","","","","","","","","",""
"ENG 375","African American Cinema","3","Art History Survey","Fall 2026","Yes","001","Lec","Open 1/30","MW 12:50 PM-2:40 PM","G111 Caldwell Hall","Stadler, John Paul","08/17/26 - 12/01/26","","Departmental Approval Required"
"ENG 375","African American Cinema","3","Art History Survey","Spring 2027","No","","","","","","","","",""
"ENG 375","African American Cinema","3","Art History Survey","Summer I 2027","No","","","","","","","","",""
"ENG 375","African American Cinema","3","Art History Survey","Summer II 2027","No","","","","","","","","",""
"ENG 382","Film and Literature","3","Advanced Writing","Fall 2026","Yes","001","Lec","Closed 0/30","MW 3:00 PM-4:50 PM","G107 Caldwell Hall","She, Yasheng","08/17/26 - 12/01/26","","Departmental Approval Required"
"ENG 382","Film and Literature","3","Advanced Writing","Spring 2027","Yes","001","Lec","Open 30/30","TTh 8:30 AM-10:20 AM","G111 Caldwell Hall","Johnston, Andrew Robert","01/11/27 - 04/27/27","",""
"ENG 382","Film and Literature","3","Advanced Writing","Summer I 2027","No","","","","","","","","",""
"ENG 382","Film and Literature","3","Advanced Writing","Summer II 2027","No","","","","","","","","",""
"ENG 388","Intermediate Fiction Writing Workshop","3","Advanced Writing","Fall 2026","Yes","001","Lec","Closed 0/20","MW 1:30 PM-2:45 PM","G115 Tompkins Hall","Sickels, Carter","08/17/26 - 12/01/26","","Departmental Approval Required"
"ENG 388","Intermediate Fiction Writing Workshop","3","Advanced Writing","Spring 2027","Yes","001","Lec","Open 22/22","MW 11:45 AM-1:00 PM","1 Winston Hall","McQueen, LaTanya Denise","01/11/27 - 04/27/27","",""
"ENG 388","Intermediate Fiction Writing Workshop","3","Advanced Writing","Summer I 2027","No","","","","","","","","",""
"ENG 388","Intermediate Fiction Writing Workshop","3","Advanced Writing","Summer II 2027","No","","","","","","","","",""
"ENG 395","Studies in Rhetoric and Digital Media","3","Advanced Writing","Fall 2026","Yes","001","Lec","Open 11/22","MW 3:00 PM-4:15 PM","213 Winston Hall","Ballowe, Hannah Marie","08/17/26 - 12/01/26","Technologies in the Rhetoric of Health and Medicin","Departmental Approval Required"
"ENG 395","Studies in Rhetoric and Digital Media","3","Advanced Writing","Spring 2027","Yes","001","Lec","Open 22/22","TTh 8:30 AM-9:45 AM","G117 Tompkins Hall","Alexander, Biven Virginia","01/11/27 - 04/27/27","Spatial Rhetorics and Digital Media",""
"ENG 395","Studies in Rhetoric and Digital Media","3","Advanced Writing","Summer I 2027","No","","","","","","","","",""
"ENG 395","Studies in Rhetoric and Digital Media","3","Advanced Writing","Summer II 2027","No","","","","","","","","",""
"ENG 411","Rhetorical Criticism","3","Advanced Writing","Fall 2026","Yes","001","Lec","Closed 0/22","TTh 1:30 PM-2:45 PM","461 Riddick Hall","Alexander, Biven Virginia","08/17/26 - 12/01/26","","Departmental Approval Required"
"ENG 411","Rhetorical Criticism","3","Advanced Writing","Spring 2027","Yes","001","Lec","Open 25/25","WF 10:15 AM-11:30 AM","G117 Tompkins Hall","Rieder, David M","01/11/27 - 04/27/27","",""
"ENG 411","Rhetorical Criticism","3","Advanced Writing","Spring 2027","Yes","002","Lec","Open 11/11","TTh 11:45 AM-1:00 PM","G117 Tompkins Hall","Self, Rico","01/11/27 - 04/27/27","",""
"ENG 411","Rhetorical Criticism","3","Advanced Writing","Summer I 2027","No","","","","","","","","",""
"ENG 411","Rhetorical Criticism","3","Advanced Writing","Summer II 2027","No","","","","","","","","",""
"ENG 416","Advanced News and Article Writing","3","Advanced Writing","Fall 2026","Yes","301","Lec","Open 2/22","T 11:45 AM-1:00 PM 11:45 AM - 1:00 PM","212 Caldwell Hall / Hybrid - Online and In-Person","Isom, Paul Christopher / Staff","08/17/26 - 12/01/26","","Departmental Approval Required"
"ENG 416","Advanced News and Article Writing","3","Advanced Writing","Spring 2027","Yes","001","Lec","Open 22/22","TTh 1:30 PM-2:45 PM","G117 Tompkins Hall","Gala, Christa Williams","01/11/27 - 04/27/27","",""
"ENG 416","Advanced News and Article Writing","3","Advanced Writing","Summer I 2027","No","","","","","","","","",""
"ENG 416","Advanced News and Article Writing","3","Advanced Writing","Summer II 2027","No","","","","","","","","",""
"ENG 417","Editorial and Opinion Writing","3","Advanced Writing","Fall 2026","No","","","","","","","","",""
"ENG 417","Editorial and Opinion Writing","3","Advanced Writing","Spring 2027","No","","","","","","","","",""
"ENG 417","Editorial and Opinion Writing","3","Advanced Writing","Summer I 2027","No","","","","","","","","",""
"ENG 417","Editorial and Opinion Writing","3","Advanced Writing","Summer II 2027","No","","","","","","","","",""
"ENG 422","Writing Theory and the Writing Process","3","Advanced Writing","Fall 2026","Yes","001","Lec","Closed 0/25","MW 4:30 PM-5:45 PM","G126 Tompkins Hall","Fedukovich, Casie J","08/17/26 - 12/01/26","","Departmental Approval Required"
"ENG 422","Writing Theory and the Writing Process","3","Advanced Writing","Spring 2027","Yes","001","Lec","Open 25/25","TTh 4:30 PM-5:45 PM","G115 Tompkins Hall","Fedukovich, Casie J","01/11/27 - 04/27/27","",""
"ENG 422","Writing Theory and the Writing Process","3","Advanced Writing","Summer I 2027","No","","","","","","","","",""
"ENG 422","Writing Theory and the Writing Process","3","Advanced Writing","Summer II 2027","No","","","","","","","","",""
"ENG 425","Analysis of Scientific and Technical Writing","3","Advanced Writing","Fall 2026","No","","","","","","","","",""
"ENG 425","Analysis of Scientific and Technical Writing","3","Advanced Writing","Spring 2027","No","","","","","","","","",""
"ENG 425","Analysis of Scientific and Technical Writing","3","Advanced Writing","Summer I 2027","No","","","","","","","","",""
"ENG 425","Analysis of Scientific and Technical Writing","3","Advanced Writing","Summer II 2027","No","","","","","","","","",""
"ENG 488","Advanced Fiction Writing Workshop","3","Advanced Writing","Fall 2026","Yes","001","Lec","Closed 0/15","TTh 10:15 AM-11:30 AM","412 111 Lampe Drive","Boggs, Belle McQuaide","08/17/26 - 12/01/26","","Departmental Approval Required"
"ENG 488","Advanced Fiction Writing Workshop","3","Advanced Writing","Spring 2027","Yes","001","Lec","Open 15/15","MW 1:30 PM-2:45 PM","125 1911 Building","McQueen, LaTanya Denise","01/11/27 - 04/27/27","",""
"ENG 488","Advanced Fiction Writing Workshop","3","Advanced Writing","Spring 2027","Yes","002","Lec","Open 15/15","T 4:30 PM-7:15 PM","G125 Tompkins Hall","Sickels, Carter","01/11/27 - 04/27/27","",""
"ENG 488","Advanced Fiction Writing Workshop","3","Advanced Writing","Summer I 2027","No","","","","","","","","",""
"ENG 488","Advanced Fiction Writing Workshop","3","Advanced Writing","Summer II 2027","No","","","","","","","","",""
"ENG 493","Special Topics in Rhetoric and Professional Writing","3","Advanced Writing","Fall 2026","No","","","","","","","","",""
"ENG 493","Special Topics in Rhetoric and Professional Writing","3","Advanced Writing","Spring 2027","No","","","","","","","","",""
"ENG 493","Special Topics in Rhetoric and Professional Writing","3","Advanced Writing","Summer I 2027","No","","","","","","","","",""
"ENG 493","Special Topics in Rhetoric and Professional Writing","3","Advanced Writing","Summer II 2027","No","","","","","","","","",""
"ENG 499","Special Topics in Creative Writing","3","Advanced Writing","Fall 2026","Yes","001","Lec","Open 10/20","TTh 11:45 AM-1:00 PM","G117 Tompkins Hall","Day, Meg","08/17/26 - 12/01/26","Poetic Forms of Deviance","Departmental Approval Required"
"ENG 499","Special Topics in Creative Writing","3","Advanced Writing","Spring 2027","No","","","","","","","","",""
"ENG 499","Special Topics in Creative Writing","3","Advanced Writing","Summer I 2027","No","","","","","","","","",""
"ENG 499","Special Topics in Creative Writing","3","Advanced Writing","Summer II 2027","No","","","","","","","","",""
"GD 203","History of Graphic Design","3","Design History; History Unit; Advised (general list)","Fall 2026","No","","","","","","","","",""
"GD 203","History of Graphic Design","3","Design History; History Unit; Advised (general list)","Spring 2027","Yes","001","Lec","Open 35/35","TTh 8:30 AM-9:45 AM","318 Brooks Hall","Kowalski, Alison","01/11/27 - 04/27/27","","12GDB or 12GEDB"
"GD 203","History of Graphic Design","3","Design History; History Unit; Advised (general list)","Spring 2027","Yes","601","Lec","Open 125/125","TBD","Distance Education - Online","Chi, Victoria","01/11/27 - 04/27/27","","Instructor Approval Required"
"GD 203","History of Graphic Design","3","Design History; History Unit; Advised (general list)","Summer I 2027","No","","","","","","","","",""
"GD 203","History of Graphic Design","3","Design History; History Unit; Advised (general list)","Summer II 2027","No","","","","","","","","",""
"GD 303","Graphic Design Theory and Practice","3","Theory Unit","Fall 2026","Yes","601","Lec","Closed 0/80","TBD","Distance Education - Online","Chi, Victoria","08/17/26 - 12/01/26","","Departmental Approval Required"
"GD 303","Graphic Design Theory and Practice","3","Theory Unit","Spring 2027","No","","","","","","","","",""
"GD 303","Graphic Design Theory and Practice","3","Theory Unit","Summer I 2027","No","","","","","","","","",""
"GD 303","Graphic Design Theory and Practice","3","Theory Unit","Summer II 2027","No","","","","","","","","",""
"GES 508","Emerging Technologies and Society","3","Advised (general list)","Fall 2026","Yes","001","Lec","Open 7/15","MW 10:15 AM-11:30 AM","2006 Biltmore Hall","Barnhill, Katie","08/17/26 - 12/01/26","","Prerequisite: Graduate Standing Departmental Approval Requir"
"GES 508","Emerging Technologies and Society","3","Advised (general list)","Spring 2027","No","","","","","","","","",""
"GES 508","Emerging Technologies and Society","3","Advised (general list)","Summer I 2027","No","","","","","","","","",""
"GES 508","Emerging Technologies and Society","3","Advised (general list)","Summer II 2027","No","","","","","","","","",""
"HA 201","History of Art from Caves to the Renaissance","3","Art History Survey","Fall 2026","No","","","","","","","","",""
"HA 201","History of Art from Caves to the Renaissance","3","Art History Survey","Spring 2027","No","","","","","","","","",""
"HA 201","History of Art from Caves to the Renaissance","3","Art History Survey","Summer I 2027","No","","","","","","","","",""
"HA 201","History of Art from Caves to the Renaissance","3","Art History Survey","Summer II 2027","No","","","","","","","","",""
"HA 202","History of Art From the Renaissance Through the 20th Century","3","Art History Survey","Fall 2026","No","","","","","","","","",""
"HA 202","History of Art From the Renaissance Through the 20th Century","3","Art History Survey","Spring 2027","Yes","001","Lec","Open 72/72","MW 10:15 AM-11:30 AM","130 Park Shops","Clark, Alexis","01/11/27 - 04/27/27","",""
"HA 202","History of Art From the Renaissance Through the 20th Century","3","Art History Survey","Summer I 2027","No","","","","","","","","",""
"HA 202","History of Art From the Renaissance Through the 20th Century","3","Art History Survey","Summer II 2027","No","","","","","","","","",""
"HA 203","History of American Art","3","Art History Survey","Fall 2026","Yes","001","Lec","Open 12/70","TTh 1:30 PM-2:45 PM","130 Park Shops","Clark, Alexis / Wilkes,Kelsey Anne","08/17/26 - 12/01/26","","Departmental Approval Required"
"HA 203","History of American Art","3","Art History Survey","Spring 2027","No","","","","","","","","",""
"HA 203","History of American Art","3","Art History Survey","Summer I 2027","No","","","","","","","","",""
"HA 203","History of American Art","3","Art History Survey","Summer II 2027","No","","","","","","","","",""
"HA 240","Introduction to Visual Culture","3","Humanities; Art History Survey; History Unit","Fall 2026","Yes","001","Lec","Open 2/15","MW 1:30 PM-2:45 PM","140 Withers Hall","Freitag, Sandria B / Stalvey,Ava Grace","08/17/26 - 12/01/26","","Departmental Approval Required"
"HA 240","Introduction to Visual Culture","3","Humanities; Art History Survey; History Unit","Spring 2027","No","","","","","","","","",""
"HA 240","Introduction to Visual Culture","3","Humanities; Art History Survey; History Unit","Summer I 2027","No","","","","","","","","",""
"HA 240","Introduction to Visual Culture","3","Humanities; Art History Survey; History Unit","Summer II 2027","No","","","","","","","","",""
"HA 298","Special Topics in Art History","3","Art History Survey","Fall 2026","No","","","","","","","","",""
"HA 298","Special Topics in Art History","3","Art History Survey","Spring 2027","No","","","","","","","","",""
"HA 298","Special Topics in Art History","3","Art History Survey","Summer I 2027","No","","","","","","","","",""
"HA 298","Special Topics in Art History","3","Art History Survey","Summer II 2027","No","","","","","","","","",""
"HA 395","History of Art: Study Abroad","3","Art History Survey","Fall 2026","No","","","","","","","","",""
"HA 395","History of Art: Study Abroad","3","Art History Survey","Spring 2027","No","","","","","","","","",""
"HA 395","History of Art: Study Abroad","3","Art History Survey","Summer I 2027","No","","","","","","","","",""
"HA 395","History of Art: Study Abroad","3","Art History Survey","Summer II 2027","No","","","","","","","","",""
"HA 401","19th Century European Art from Revolution to Post-Impressionism","3","Art History Survey","Fall 2026","No","","","","","","","","",""
"HA 401","19th Century European Art from Revolution to Post-Impressionism","3","Art History Survey","Spring 2027","No","","","","","","","","",""
"HA 401","19th Century European Art from Revolution to Post-Impressionism","3","Art History Survey","Summer I 2027","No","","","","","","","","",""
"HA 401","19th Century European Art from Revolution to Post-Impressionism","3","Art History Survey","Summer II 2027","No","","","","","","","","",""
"HA 404","Italian Renaissance Art and Material Culture","3","Art History Survey","Fall 2026","No","","","","","","","","",""
"HA 404","Italian Renaissance Art and Material Culture","3","Art History Survey","Spring 2027","No","","","","","","","","",""
"HA 404","Italian Renaissance Art and Material Culture","3","Art History Survey","Summer I 2027","No","","","","","","","","",""
"HA 404","Italian Renaissance Art and Material Culture","3","Art History Survey","Summer II 2027","No","","","","","","","","",""
"HA 410","History of the Art of Photography","3","Art History Survey; Advised (general list)","Fall 2026","No","","","","","","","","",""
"HA 410","History of the Art of Photography","3","Art History Survey; Advised (general list)","Spring 2027","No","","","","","","","","",""
"HA 410","History of the Art of Photography","3","Art History Survey; Advised (general list)","Summer I 2027","No","","","","","","","","",""
"HA 410","History of the Art of Photography","3","Art History Survey; Advised (general list)","Summer II 2027","No","","","","","","","","",""
"HI 207","Ancient Mediterranean World","3","Humanities; History Unit","Fall 2026","Yes","001","Lec","Closed 0/70","MW 10:15 AM-11:30 AM","2304 Erdahl Cloyd","Devereaux, Bret C / Rigsby,Jackson Tori","08/17/26 - 12/01/26","","Departmental Approval Required"
"HI 207","Ancient Mediterranean World","3","Humanities; History Unit","Spring 2027","Yes","001","Lec","Open 70/70","MW 11:45 AM-1:00 PM","140 Withers Hall","Devereaux, Bret C","01/11/27 - 04/27/27","",""
"HI 207","Ancient Mediterranean World","3","Humanities; History Unit","Summer I 2027","No","","","","","","","","",""
"HI 207","Ancient Mediterranean World","3","Humanities; History Unit","Summer II 2027","No","","","","","","","","",""
"HI 208","The Middle Ages","3","Humanities; History Unit","Fall 2026","Yes","001","Lec","Open 4/70","TTh 1:30 PM-2:45 PM","140 Withers Hall","VanVleck, Philip C / Hoehner,Audrey Rochelle","08/17/26 - 12/01/26","","Departmental Approval Required"
"HI 208","The Middle Ages","3","Humanities; History Unit","Fall 2026","Yes","002","Lec","Open 5/35","MW 11:45 AM-1:00 PM","150 Withers Hall","VanVleck, Philip C","08/17/26 - 12/01/26","","Departmental Approval Required"
"HI 208","The Middle Ages","3","Humanities; History Unit","Fall 2026","Yes","003","Lec","Closed 0/35","MW 11:45 AM-1:00 PM","200 Cox Hall","Vencel, Wendy Hannah","08/17/26 - 12/01/26","","Departmental Approval Required"
"HI 208","The Middle Ages","3","Humanities; History Unit","Fall 2026","Yes","601","Lec","Closed 0/35","TBD","","Vencel, Wendy Hannah","08/17/26 - 12/01/26","","Departmental Approval Required"
"HI 208","The Middle Ages","3","Humanities; History Unit","Spring 2027","Yes","001","Lec","Open 70/70","TTh 11:45 AM-1:00 PM","140 Withers Hall","VanVleck, Philip C","01/11/27 - 04/27/27","",""
"HI 208","The Middle Ages","3","Humanities; History Unit","Spring 2027","Yes","002","Lec","Open 35/35","TTh 3:00 PM-4:15 PM","150 Withers Hall","VanVleck, Philip C","01/11/27 - 04/27/27","",""
"HI 208","The Middle Ages","3","Humanities; History Unit","Summer I 2027","No","","","","","","","","",""
"HI 208","The Middle Ages","3","Humanities; History Unit","Summer II 2027","No","","","","","","","","",""
"HI 209","From Renaissance to Revolution: The Origins of Modern Europe","3","Humanities; History Unit","Fall 2026","Yes","001","Lec","Open 12/35","TTh 3:00 PM-4:15 PM","140 Withers Hall","VanVleck, Philip C","08/17/26 - 12/01/26","","Departmental Approval Required"
"HI 209","From Renaissance to Revolution: The Origins of Modern Europe","3","Humanities; History Unit","Fall 2026","Yes","002","Lec","Open 10/35","MW 1:30 PM-2:45 PM","150 Withers Hall","VanVleck, Philip C","08/17/26 - 12/01/26","","Departmental Approval Required"
"HI 209","From Renaissance to Revolution: The Origins of Modern Europe","3","Humanities; History Unit","Fall 2026","Yes","501","Lec","Open 11/20","TBD","Study Abroad","Rakosnik PhD, Jakub / Pesout,Ondrej","08/26/26 - 12/12/26","From Renaissance to Revolution: The Origins of Mod","NC State Prague Students Only Departmental Approval Required"
"HI 209","From Renaissance to Revolution: The Origins of Modern Europe","3","Humanities; History Unit","Spring 2027","Yes","001","Lec","Open 70/70","TTh 11:45 AM-1:00 PM","29 Winston Hall","Rudolph, Julia E","01/11/27 - 04/27/27","",""
"HI 209","From Renaissance to Revolution: The Origins of Modern Europe","3","Humanities; History Unit","Spring 2027","Yes","002","Lec","Open 35/35","TTh 1:30 PM-2:45 PM","150 Withers Hall","VanVleck, Philip C","01/11/27 - 04/27/27","",""
"HI 209","From Renaissance to Revolution: The Origins of Modern Europe","3","Humanities; History Unit","Summer I 2027","Yes","501","Lec","Open 20/20","TBD","","Rakosnik PhD, Jakub / Pesout,Ondrej","05/19/27 - 06/23/27 / Summer Five Week Session","From Renaissance to Revolution: The Origins of Mod","NC State Prague Students Only"
"HI 209","From Renaissance to Revolution: The Origins of Modern Europe","3","Humanities; History Unit","Summer II 2027","No","","","","","","","","",""
"HI 210","Modern Europe 1815-Present","3","Humanities; History Unit","Fall 2026","Yes","001","Lec","Open 6/70","MW 11:45 AM-1:00 PM","140 Withers Hall","Vincent, Steven / Harris,Keryn","08/17/26 - 12/01/26","","Departmental Approval Required"
"HI 210","Modern Europe 1815-Present","3","Humanities; History Unit","Fall 2026","Yes","002","Lec","Open 11/70","MW 1:30 PM-2:45 PM","4140 Talley Student Union","Chan, Paula Hsiu-ling / White,Morgan D.","08/17/26 - 12/01/26","","Departmental Approval Required"
"HI 210","Modern Europe 1815-Present","3","Humanities; History Unit","Spring 2027","Yes","001","Lec","Open 70/70","TTh 1:30 PM-2:45 PM","140 Withers Hall","Chan, Paula Hsiu-ling","01/11/27 - 04/27/27","",""
"HI 210","Modern Europe 1815-Present","3","Humanities; History Unit","Summer I 2027","No","","","","","","","","",""
"HI 210","Modern Europe 1815-Present","3","Humanities; History Unit","Summer II 2027","No","","","","","","","","",""
"HI 214","History and Archaeology of Ancient Latin America","3","Humanities; History Unit","Fall 2026","No","","","","","","","","",""
"HI 214","History and Archaeology of Ancient Latin America","3","Humanities; History Unit","Spring 2027","No","","","","","","","","",""
"HI 214","History and Archaeology of Ancient Latin America","3","Humanities; History Unit","Summer I 2027","No","","","","","","","","",""
"HI 214","History and Archaeology of Ancient Latin America","3","Humanities; History Unit","Summer II 2027","No","","","","","","","","",""
"HI 215","Colonial Latin America","3","Humanities; History Unit","Fall 2026","Yes","601","Lec","Closed 0/35","TBD","Distance Education - Online","Robins, Nicholas A","08/17/26 - 12/01/26","","Departmental Approval Required"
"HI 215","Colonial Latin America","3","Humanities; History Unit","Fall 2026","Yes","602","Lec","Open 1/35","TBD","Distance Education - Online","Robins, Nicholas A","08/17/26 - 12/01/26","","Departmental Approval Required"
"HI 215","Colonial Latin America","3","Humanities; History Unit","Spring 2027","Yes","001","Lec","Open 35/35","MW 1:30 PM-2:45 PM","322 111 Lampe Drive","Robins, Nicholas A","01/11/27 - 04/27/27","",""
"HI 215","Colonial Latin America","3","Humanities; History Unit","Spring 2027","Yes","601","Lec","Open 35/35","TBD","Distance Education - Online","Robins, Nicholas A","01/11/27 - 04/27/27","",""
"HI 215","Colonial Latin America","3","Humanities; History Unit","Summer I 2027","No","","","","","","","","",""
"HI 215","Colonial Latin America","3","Humanities; History Unit","Summer II 2027","No","","","","","","","","",""
"HI 216","Modern Latin America","3","Humanities; History Unit","Fall 2026","Yes","001","Lec","Open 2/70","TTh 1:30 PM-2:45 PM","4140 Talley Student Union","Freitas, Frederico / Woolard,Ell","08/17/26 - 12/01/26","","Departmental Approval Required"
"HI 216","Modern Latin America","3","Humanities; History Unit","Spring 2027","Yes","001","Lec","Open 70/70","MW 1:30 PM-2:45 PM","130 Park Shops","Freitas, Frederico","01/11/27 - 04/27/27","",""
"HI 216","Modern Latin America","3","Humanities; History Unit","Summer I 2027","No","","","","","","","","",""
"HI 216","Modern Latin America","3","Humanities; History Unit","Summer II 2027","No","","","","","","","","",""
"HI 217","Caribbean History","3","Humanities; History Unit","Fall 2026","No","","","","","","","","",""
"HI 217","Caribbean History","3","Humanities; History Unit","Spring 2027","Yes","001","Lec","Open 70/70","TTh 3:00 PM-4:15 PM","140 Withers Hall","Jones, Ebony P.","01/11/27 - 04/27/27","",""
"HI 217","Caribbean History","3","Humanities; History Unit","Summer I 2027","No","","","","","","","","",""
"HI 217","Caribbean History","3","Humanities; History Unit","Summer II 2027","No","","","","","","","","",""
"HI 221","British History to 1688","3","Humanities; History Unit","Fall 2026","Yes","601","Lec","Open 1/70","TBD","Distance Education - Online","Sirota, Brent S / Makhlof,Nour","08/17/26 - 12/01/26","","Departmental Approval Required"
"HI 221","British History to 1688","3","Humanities; History Unit","Spring 2027","No","","","","","","","","",""
"HI 221","British History to 1688","3","Humanities; History Unit","Summer I 2027","No","","","","","","","","",""
"HI 221","British History to 1688","3","Humanities; History Unit","Summer II 2027","No","","","","","","","","",""
"HI 222","History of British Cultures and Societies From 1688","3","Humanities; History Unit","Fall 2026","No","","","","","","","","",""
"HI 222","History of British Cultures and Societies From 1688","3","Humanities; History Unit","Spring 2027","Yes","001","Lec","Open 70/70","MW 10:15 AM-11:30 AM","159 Kilgore Hall","Sirota, Brent S","01/11/27 - 04/27/27","",""
"HI 222","History of British Cultures and Societies From 1688","3","Humanities; History Unit","Summer I 2027","No","","","","","","","","",""
"HI 222","History of British Cultures and Societies From 1688","3","Humanities; History Unit","Summer II 2027","No","","","","","","","","",""
"HI 232","The World from 1200 to 1750","3","Humanities; History Unit","Fall 2026","Yes","002","Lec","Closed 0/35","MW 10:15 AM-11:30 AM","150 Withers Hall","Vincent, Kimberly","08/17/26 - 12/01/26","","Departmental Approval Required"
"HI 232","The World from 1200 to 1750","3","Humanities; History Unit","Spring 2027","Yes","001","Lec","Open 70/70","MW 1:30 PM-2:45 PM","140 Withers Hall","Freitag, Sandria B","01/11/27 - 04/27/27","",""
"HI 232","The World from 1200 to 1750","3","Humanities; History Unit","Spring 2027","Yes","002","Lec","Open 35/35","TTh 11:45 AM-1:00 PM","115 Withers Hall","Vincent, Kimberly","01/11/27 - 04/27/27","",""
"HI 232","The World from 1200 to 1750","3","Humanities; History Unit","Summer I 2027","No","","","","","","","","",""
"HI 232","The World from 1200 to 1750","3","Humanities; History Unit","Summer II 2027","No","","","","","","","","",""
"HI 233","The World Since 1750","3","Humanities; History Unit","Fall 2026","Yes","001","Lec","Open 2/70","MW 8:30 AM-9:45 AM","140 Withers Hall","Vincent, Kimberly","08/17/26 - 12/01/26","","Departmental Approval Required"
"HI 233","The World Since 1750","3","Humanities; History Unit","Spring 2027","Yes","001","Lec","Open 70/70","TTh 8:30 AM-9:45 AM","29 Winston Hall","Vincent, Kimberly","01/11/27 - 04/27/27","",""
"HI 233","The World Since 1750","3","Humanities; History Unit","Spring 2027","Yes","002","Lec","Open 35/35","TTh 10:15 AM-11:30 AM","115 Withers Hall","Vincent, Kimberly","01/11/27 - 04/27/27","",""
"HI 233","The World Since 1750","3","Humanities; History Unit","Summer I 2027","No","","","","","","","","",""
"HI 233","The World Since 1750","3","Humanities; History Unit","Summer II 2027","No","","","","","","","","",""
"HI 240","Introduction to Visual Culture","3","Humanities; History Unit","Fall 2026","Yes","001","Lec","Open 12/55","MW 1:30 PM-2:45 PM","140 Withers Hall","Freitag, Sandria B / Stalvey,Ava Grace","08/17/26 - 12/01/26","","Departmental Approval Required"
"HI 240","Introduction to Visual Culture","3","Humanities; History Unit","Spring 2027","No","","","","","","","","",""
"HI 240","Introduction to Visual Culture","3","Humanities; History Unit","Summer I 2027","No","","","","","","","","",""
"HI 240","Introduction to Visual Culture","3","Humanities; History Unit","Summer II 2027","No","","","","","","","","",""
"HI 253","Early U.S. History","3","Humanities; History Unit","Fall 2026","Yes","001","Lec","Closed 0/70","TTh 1:30 PM-2:45 PM","159 Kilgore Hall","Cherry, Megan L / Coleman,Queonnah Latrice","08/17/26 - 12/01/26","","Departmental Approval Required"
"HI 253","Early U.S. History","3","Humanities; History Unit","Fall 2026","Yes","002","Lec","Open 2/70","TTh 3:00 PM-4:15 PM","2211 Gardner Hall","Wiggins, Cullen Maxim / Laws,Chris","08/17/26 - 12/01/26","","Departmental Approval Required"
"HI 253","Early U.S. History","3","Humanities; History Unit","Fall 2026","Yes","601","Lec","Closed 0/70","TBD","","Janos, Brett Stephen","08/17/26 - 12/01/26","","Departmental Approval Required"
"HI 253","Early U.S. History","3","Humanities; History Unit","Spring 2027","Yes","001","Lec","Open 70/70","MW 1:30 PM-2:45 PM","29 Winston Hall","Friend, Craig T","01/11/27 - 04/27/27","",""
"HI 253","Early U.S. History","3","Humanities; History Unit","Spring 2027","Yes","002","Lec","Open 35/35","MW 11:45 AM-1:00 PM","4231 Broughton Hall","Janos, Brett Stephen","01/11/27 - 04/27/27","",""
"HI 253","Early U.S. History","3","Humanities; History Unit","Spring 2027","Yes","003","Lec","Open 35/35","TTh 1:30 PM-2:45 PM","2312 Williams Hall","Laws, Chris","01/11/27 - 04/27/27","",""
"HI 253","Early U.S. History","3","Humanities; History Unit","Summer I 2027","No","","","","","","","","",""
"HI 253","Early U.S. History","3","Humanities; History Unit","Summer II 2027","No","","","","","","","","",""
"HI 254","Modern U.S. History","3","Humanities; History Unit","Fall 2026","Yes","001","Lec","Open 1/70","MW 11:45 AM-1:00 PM","29 Winston Hall","Charron, Kat / Townsend,Olivia Caroline","08/17/26 - 12/01/26","","Departmental Approval Required"
"HI 254","Modern U.S. History","3","Humanities; History Unit","Fall 2026","Yes","002","Lec","Closed 0/35","TTh 8:30 AM-9:45 AM","331 Dabney Hall","Gordon, Tammrah S","08/17/26 - 12/01/26","","Departmental Approval Required"
"HI 254","Modern U.S. History","3","Humanities; History Unit","Fall 2026","Yes","003","Lec","Open 4/35","TTh 10:15 AM-11:30 AM","331 Dabney Hall","Gordon, Tammrah S","08/17/26 - 12/01/26","","Departmental Approval Required"
"HI 254","Modern U.S. History","3","Humanities; History Unit","Fall 2026","Yes","004","Lec","Open 2/70","MW 8:30 AM-9:45 AM","201 Park Shops","Lechner, Steven E. B. / Goncalves,John Americo","08/17/26 - 12/01/26","","Departmental Approval Required"
"HI 254","Modern U.S. History","3","Humanities; History Unit","Fall 2026","Yes","005","Lec","Closed 0/35","MW 11:45 AM-1:00 PM","115 Withers Hall","Laws, Chris","08/17/26 - 12/01/26","","Departmental Approval Required"
"HI 254","Modern U.S. History","3","Humanities; History Unit","Fall 2026","Yes","006","Lec","Closed 0/35","MW 1:30 PM-2:45 PM","G110 Caldwell Hall","Laws, Chris","08/17/26 - 12/01/26","","Departmental Approval Required"
"HI 254","Modern U.S. History","3","Humanities; History Unit","Fall 2026","Yes","601","Lec","Closed 0/35","TBD","Distance Education - Online","Lundquist-Wentz, Chelsea Clare","08/17/26 - 12/01/26","","Departmental Approval Required"
"HI 254","Modern U.S. History","3","Humanities; History Unit","Fall 2026","Yes","602","Lec","Closed 0/35","TBD","","Janos, Brett Stephen","08/17/26 - 12/01/26","","Departmental Approval Required"
"HI 254","Modern U.S. History","3","Humanities; History Unit","Spring 2027","Yes","001","Lec","Open 70/70","MW 10:15 AM-11:30 AM","2211 Gardner Hall","Booker, Matthew Morse","01/11/27 - 04/27/27","",""
"HI 254","Modern U.S. History","3","Humanities; History Unit","Spring 2027","Yes","002","Lec","Open 70/70","TTh 11:45 AM-1:00 PM","206 Cox Hall","Janos, Brett Stephen","01/11/27 - 04/27/27","",""
"HI 254","Modern U.S. History","3","Humanities; History Unit","Spring 2027","Yes","003","Lec","Open 35/35","MW 11:45 AM-1:00 PM","209 Cox Hall","Laws, Chris","01/11/27 - 04/27/27","",""
"HI 254","Modern U.S. History","3","Humanities; History Unit","Spring 2027","Yes","004","Lec","Open 35/35","MW 1:30 PM-2:45 PM","209 Cox Hall","Laws, Chris","01/11/27 - 04/27/27","",""
"HI 254","Modern U.S. History","3","Humanities; History Unit","Summer I 2027","No","","","","","","","","",""
"HI 254","Modern U.S. History","3","Humanities; History Unit","Summer II 2027","No","","","","","","","","",""
"HI 263","Asian Civilizations to 1800","3","Humanities; History Unit","Fall 2026","Yes","001","Lec","Open 1/70","TTh 10:15 AM-11:30 AM","130 Park Shops","Gilmartin, David P. / Luo,Wan Jhen","08/17/26 - 12/01/26","","Departmental Approval Required"
"HI 263","Asian Civilizations to 1800","3","Humanities; History Unit","Spring 2027","Yes","601","Lec","Open 70/70","TBD","Distance Education - Online","Duan, Xiaolin","01/11/27 - 04/27/27","",""
"HI 263","Asian Civilizations to 1800","3","Humanities; History Unit","Summer I 2027","No","","","","","","","","",""
"HI 263","Asian Civilizations to 1800","3","Humanities; History Unit","Summer II 2027","No","","","","","","","","",""
"HI 264","Modern Asia: 1800 to Present","3","Humanities; History Unit","Fall 2026","Yes","001","Lec","Open 2/70","MW 1:30 PM-2:45 PM","201 Park Shops","Ambaras, David R / Givens,Sofia Helene","08/17/26 - 12/01/26","","Departmental Approval Required"
"HI 264","Modern Asia: 1800 to Present","3","Humanities; History Unit","Spring 2027","Yes","001","Lec","Open 70/70","MW 10:15 AM-11:30 AM","29 Winston Hall","Gilmartin, David P.","01/11/27 - 04/27/27","",""
"HI 264","Modern Asia: 1800 to Present","3","Humanities; History Unit","Summer I 2027","No","","","","","","","","",""
"HI 264","Modern Asia: 1800 to Present","3","Humanities; History Unit","Summer II 2027","No","","","","","","","","",""
"HI 270","Modern Middle East","3","Humanities; History Unit","Fall 2026","Yes","001","Lec","Closed 0/70","TTh 11:45 AM-1:00 PM","159 Kilgore Hall","Alff, Kristen / Dayan,Guy","08/17/26 - 12/01/26","","Departmental Approval Required"
"HI 270","Modern Middle East","3","Humanities; History Unit","Spring 2027","Yes","001","Lec","Open 70/70","TTh 8:30 AM-9:45 AM","140 Withers Hall","Khater, Akram F","01/11/27 - 04/27/27","",""
"HI 270","Modern Middle East","3","Humanities; History Unit","Summer I 2027","No","","","","","","","","",""
"HI 270","Modern Middle East","3","Humanities; History Unit","Summer II 2027","No","","","","","","","","",""
"HI 275","Introduction to History of South and East Africa","3","Humanities; History Unit","Fall 2026","Yes","001","Lec","Open 5/70","TTh 1:30 PM-2:45 PM","1404 Williams Hall","Ginestet, Esther Margot / Tambrini,Olivia Beth","08/17/26 - 12/01/26","","Departmental Approval Required"
"HI 275","Introduction to History of South and East Africa","3","Humanities; History Unit","Spring 2027","Yes","001","Lec","Open 70/70","MW 3:00 PM-4:15 PM","140 Withers Hall","Ginestet, Esther Margot","01/11/27 - 04/27/27","",""
"HI 275","Introduction to History of South and East Africa","3","Humanities; History Unit","Summer I 2027","No","","","","","","","","",""
"HI 275","Introduction to History of South and East Africa","3","Humanities; History Unit","Summer II 2027","No","","","","","","","","",""
"HI 276","Introduction to History of West Africa","3","Humanities; History Unit","Fall 2026","Yes","001","Lec","Open 1/70","TTh 8:30 AM-9:45 AM","140 Withers Hall","Carty, Ryan / West,Tyanna","08/17/26 - 12/01/26","","Departmental Approval Required"
"HI 276","Introduction to History of West Africa","3","Humanities; History Unit","Spring 2027","No","","","","","","","","",""
"HI 276","Introduction to History of West Africa","3","Humanities; History Unit","Summer I 2027","No","","","","","","","","",""
"HI 276","Introduction to History of West Africa","3","Humanities; History Unit","Summer II 2027","No","","","","","","","","",""
"HI 305","Frauds and Mysteries of the Past","3","Humanities; History Unit; Advised (general list)","Fall 2026","Yes","001","Lec","Closed 0/35","TTh 10:15 AM-11:30 AM","115 Withers Hall","Lechner, Steven E. B.","08/17/26 - 12/01/26","","Departmental Approval Required"
"HI 305","Frauds and Mysteries of the Past","3","Humanities; History Unit; Advised (general list)","Spring 2027","Yes","001","Lec","Open 70/70","TTh 10:15 AM-11:30 AM","140 Withers Hall","McGill, Alicia Ebbitt","01/11/27 - 04/27/27","",""
"HI 305","Frauds and Mysteries of the Past","3","Humanities; History Unit; Advised (general list)","Summer I 2027","No","","","","","","","","",""
"HI 305","Frauds and Mysteries of the Past","3","Humanities; History Unit; Advised (general list)","Summer II 2027","No","","","","","","","","",""
"HI 307","Jewish History","3","Humanities; History Unit","Fall 2026","No","","","","","","","","",""
"HI 307","Jewish History","3","Humanities; History Unit","Spring 2027","Yes","001","Lec","Open 35/35","MW 11:45 AM-1:00 PM","2104 Williams Hall","Kasper-Marienberg, Verena Ines","01/11/27 - 04/27/27","",""
"HI 307","Jewish History","3","Humanities; History Unit","Summer I 2027","No","","","","","","","","",""
"HI 307","Jewish History","3","Humanities; History Unit","Summer II 2027","No","","","","","","","","",""
"HI 317","Cuba Today: Historical and Sociopolitical Perspectives","3","Humanities; History Unit; Advised (general list)","Fall 2026","No","","","","","","","","",""
"HI 317","Cuba Today: Historical and Sociopolitical Perspectives","3","Humanities; History Unit; Advised (general list)","Spring 2027","No","","","","","","","","",""
"HI 317","Cuba Today: Historical and Sociopolitical Perspectives","3","Humanities; History Unit; Advised (general list)","Summer I 2027","No","","","","","","","","",""
"HI 317","Cuba Today: Historical and Sociopolitical Perspectives","3","Humanities; History Unit; Advised (general list)","Summer II 2027","No","","","","","","","","",""
"HI 318","Environmental History of Cuba: Prehistory to the Present","3","Advised (general list)","Fall 2026","No","","","","","","","","",""
"HI 318","Environmental History of Cuba: Prehistory to the Present","3","Advised (general list)","Spring 2027","No","","","","","","","","",""
"HI 318","Environmental History of Cuba: Prehistory to the Present","3","Advised (general list)","Summer I 2027","No","","","","","","","","",""
"HI 318","Environmental History of Cuba: Prehistory to the Present","3","Advised (general list)","Summer II 2027","No","","","","","","","","",""
"HI 320","Religion in American History","3","Humanities; History Unit; Advised (general list)","Fall 2026","No","","","","","","","","",""
"HI 320","Religion in American History","3","Humanities; History Unit; Advised (general list)","Spring 2027","No","","","","","","","","",""
"HI 320","Religion in American History","3","Humanities; History Unit; Advised (general list)","Summer I 2027","No","","","","","","","","",""
"HI 320","Religion in American History","3","Humanities; History Unit; Advised (general list)","Summer II 2027","No","","","","","","","","",""
"HI 321","Scientific Revolution and European Society, 1500-1800","3","Humanities; History Unit; Advised (general list)","Fall 2026","Yes","001","Lec","Open 26/70","TTh 1:30 PM-2:45 PM","29 Winston Hall","Kim, Mi Gyung","08/17/26 - 12/01/26","","Departmental Approval Required"
"HI 321","Scientific Revolution and European Society, 1500-1800","3","Humanities; History Unit; Advised (general list)","Spring 2027","Yes","001","Lec","Open 70/70","MW 1:30 PM-2:45 PM","2211 Gardner Hall","Kim, Mi Gyung","01/11/27 - 04/27/27","",""
"HI 321","Scientific Revolution and European Society, 1500-1800","3","Humanities; History Unit; Advised (general list)","Summer I 2027","No","","","","","","","","",""
"HI 321","Scientific Revolution and European Society, 1500-1800","3","Humanities; History Unit; Advised (general list)","Summer II 2027","No","","","","","","","","",""
"HI 322","Rise of Modern Science","3","Advised (general list)","Fall 2026","Yes","001","Lec","Closed 0/35","MW 1:30 PM-2:45 PM","105 Withers Hall","Kimler, William C.","08/17/26 - 12/01/26","","Departmental Approval Required"
"HI 322","Rise of Modern Science","3","Advised (general list)","Spring 2027","No","","","","","","","","",""
"HI 322","Rise of Modern Science","3","Advised (general list)","Summer I 2027","No","","","","","","","","",""
"HI 322","Rise of Modern Science","3","Advised (general list)","Summer II 2027","No","","","","","","","","",""
"HI 323","Science, American Style","3","Advised (general list)","Fall 2026","No","","","","","","","","",""
"HI 323","Science, American Style","3","Advised (general list)","Spring 2027","No","","","","","","","","",""
"HI 323","Science, American Style","3","Advised (general list)","Summer I 2027","No","","","","","","","","",""
"HI 323","Science, American Style","3","Advised (general list)","Summer II 2027","No","","","","","","","","",""
"HI 324","History of Common Law and Constitution","3","Humanities; History Unit; Advised (general list)","Fall 2026","Yes","001","Lec","Open 9/70","MW 11:45 AM-1:00 PM","2211 Gardner Hall","Rudolph, Julia E / Armon,Henley Lou","08/17/26 - 12/01/26","","Departmental Approval Required"
"HI 324","History of Common Law and Constitution","3","Humanities; History Unit; Advised (general list)","Spring 2027","No","","","","","","","","",""
"HI 324","History of Common Law and Constitution","3","Humanities; History Unit; Advised (general list)","Summer I 2027","No","","","","","","","","",""
"HI 324","History of Common Law and Constitution","3","Humanities; History Unit; Advised (general list)","Summer II 2027","No","","","","","","","","",""
"HI 332","Germany and the World Wars","3","Humanities; History Unit; Advised (general list)","Fall 2026","No","","","","","","","","",""
"HI 332","Germany and the World Wars","3","Humanities; History Unit; Advised (general list)","Spring 2027","No","","","","","","","","",""
"HI 332","Germany and the World Wars","3","Humanities; History Unit; Advised (general list)","Summer I 2027","No","","","","","","","","",""
"HI 332","Germany and the World Wars","3","Humanities; History Unit; Advised (general list)","Summer II 2027","No","","","","","","","","",""
"HI 335","The World at War","3","Humanities; History Unit; Advised (general list)","Fall 2026","Yes","601","Lec","Closed 0/70","TBD","Distance Education - Online","McKinnon, Garrett Dale / Moser,James Denver","08/17/26 - 12/01/26","","Departmental Approval Required"
"HI 335","The World at War","3","Humanities; History Unit; Advised (general list)","Fall 2026","Yes","602","Lec","Closed 0/35","TBD","Distance Education - Online","McKinnon, Garrett Dale","08/17/26 - 12/01/26","","Departmental Approval Required"
"HI 335","The World at War","3","Humanities; History Unit; Advised (general list)","Spring 2027","No","","","","","","","","",""
"HI 335","The World at War","3","Humanities; History Unit; Advised (general list)","Summer I 2027","No","","","","","","","","",""
"HI 335","The World at War","3","Humanities; History Unit; Advised (general list)","Summer II 2027","No","","","","","","","","",""
"HI 337","Spy vs. Spy: Cold War Intelligence History","3","Humanities; History Unit; Advised (general list)","Fall 2026","No","","","","","","","","",""
"HI 337","Spy vs. Spy: Cold War Intelligence History","3","Humanities; History Unit; Advised (general list)","Spring 2027","Yes","601","Lec","Open 35/35","TBD","Distance Education - Online","McKinnon, Garrett Dale","01/11/27 - 04/27/27","",""
"HI 337","Spy vs. Spy: Cold War Intelligence History","3","Humanities; History Unit; Advised (general list)","Spring 2027","Yes","602","Lec","Open 35/35","TBD","Distance Education - Online","McKinnon, Garrett Dale","01/11/27 - 04/27/27","",""
"HI 337","Spy vs. Spy: Cold War Intelligence History","3","Humanities; History Unit; Advised (general list)","Summer I 2027","No","","","","","","","","",""
"HI 337","Spy vs. Spy: Cold War Intelligence History","3","Humanities; History Unit; Advised (general list)","Summer II 2027","No","","","","","","","","",""
"HI 338","Empire, War, and Revolution in Russia","3","Humanities; History Unit; Advised (general list)","Fall 2026","No","","","","","","","","",""
"HI 338","Empire, War, and Revolution in Russia","3","Humanities; History Unit; Advised (general list)","Spring 2027","Yes","001","Lec","Open 35/35","TTh 1:30 PM-2:45 PM","4231 Broughton Hall","McConnell, Alexander James","01/11/27 - 04/27/27","",""
"HI 338","Empire, War, and Revolution in Russia","3","Humanities; History Unit; Advised (general list)","Summer I 2027","No","","","","","","","","",""
"HI 338","Empire, War, and Revolution in Russia","3","Humanities; History Unit; Advised (general list)","Summer II 2027","No","","","","","","","","",""
"HI 340","History of Agriculture","3","Humanities; History Unit; Advised (general list)","Fall 2026","No","","","","","","","","",""
"HI 340","History of Agriculture","3","Humanities; History Unit; Advised (general list)","Spring 2027","Yes","001","Lec","Open 70/70","TTh 10:15 AM-11:30 AM","450 Riddick Hall","Carty, Ryan","01/11/27 - 04/27/27","",""
"HI 340","History of Agriculture","3","Humanities; History Unit; Advised (general list)","Summer I 2027","No","","","","","","","","",""
"HI 340","History of Agriculture","3","Humanities; History Unit; Advised (general list)","Summer II 2027","No","","","","","","","","",""
"HI 341","Technology in History","3","Advised (general list)","Fall 2026","No","","","","","","","","",""
"HI 341","Technology in History","3","Advised (general list)","Spring 2027","No","","","","","","","","",""
"HI 341","Technology in History","3","Advised (general list)","Summer I 2027","No","","","","","","","","",""
"HI 341","Technology in History","3","Advised (general list)","Summer II 2027","No","","","","","","","","",""
"HI 345","American Popular Culture","3","Humanities; History Unit; Advised (general list)","Fall 2026","Yes","001","Lec","Closed 0/70","MW 11:45 AM-1:00 PM","206 Cox Hall","Friend, Craig T / Lennon,Mary Elizabeth","08/17/26 - 12/01/26","","Departmental Approval Required"
"HI 345","American Popular Culture","3","Humanities; History Unit; Advised (general list)","Spring 2027","No","","","","","","","","",""
"HI 345","American Popular Culture","3","Humanities; History Unit; Advised (general list)","Summer I 2027","No","","","","","","","","",""
"HI 345","American Popular Culture","3","Humanities; History Unit; Advised (general list)","Summer II 2027","No","","","","","","","","",""
"HI 346","The Civil War Era in Popular Culture","3","Humanities; History Unit; Advised (general list)","Fall 2026","No","","","","","","","","",""
"HI 346","The Civil War Era in Popular Culture","3","Humanities; History Unit; Advised (general list)","Spring 2027","Yes","601","Lec","Open 70/70","TBD","Distance Education - Online","Lee, Susanna M","01/11/27 - 04/27/27","",""
"HI 346","The Civil War Era in Popular Culture","3","Humanities; History Unit; Advised (general list)","Summer I 2027","No","","","","","","","","",""
"HI 346","The Civil War Era in Popular Culture","3","Humanities; History Unit; Advised (general list)","Summer II 2027","No","","","","","","","","",""
"HI 350","American Military History","3","Humanities; History Unit; Advised (general list)","Fall 2026","Yes","601","Lec","Closed 0/35","TBD","Distance Education - Online","McKinnon, Garrett Dale","08/17/26 - 12/01/26","","Departmental Approval Required"
"HI 350","American Military History","3","Humanities; History Unit; Advised (general list)","Fall 2026","Yes","602","Lec","Closed 0/35","TBD","Distance Education - Online","McKinnon, Garrett Dale","08/17/26 - 12/01/26","","Departmental Approval Required"
"HI 350","American Military History","3","Humanities; History Unit; Advised (general list)","Spring 2027","No","","","","","","","","",""
"HI 350","American Military History","3","Humanities; History Unit; Advised (general list)","Summer I 2027","No","","","","","","","","",""
"HI 350","American Military History","3","Humanities; History Unit; Advised (general list)","Summer II 2027","No","","","","","","","","",""
"HI 351","U.S. Naval History","3","Humanities; History Unit; Advised (general list)","Fall 2026","No","","","","","","","","",""
"HI 351","U.S. Naval History","3","Humanities; History Unit; Advised (general list)","Spring 2027","Yes","601","Lec","Open 70/70","TBD","Distance Education - Online","McKinnon, Garrett Dale","01/11/27 - 04/27/27","",""
"HI 351","U.S. Naval History","3","Humanities; History Unit; Advised (general list)","Summer I 2027","No","","","","","","","","",""
"HI 351","U.S. Naval History","3","Humanities; History Unit; Advised (general list)","Summer II 2027","No","","","","","","","","",""
"HI 354","The Rise of the American Empire","3","Humanities; History Unit; Advised (general list)","Fall 2026","No","","","","","","","","",""
"HI 354","The Rise of the American Empire","3","Humanities; History Unit; Advised (general list)","Spring 2027","Yes","001","Lec","Open 35/35","MW 10:15 AM-11:30 AM","115 Withers Hall","Lechner, Steven E. B.","01/11/27 - 04/27/27","",""
"HI 354","The Rise of the American Empire","3","Humanities; History Unit; Advised (general list)","Summer I 2027","No","","","","","","","","",""
"HI 354","The Rise of the American Empire","3","Humanities; History Unit; Advised (general list)","Summer II 2027","No","","","","","","","","",""
"HI 360","U.S. Agricultural History","3","Humanities; History Unit; Advised (general list)","Fall 2026","Yes","001","Lec","Open 10/70","TTh 10:15 AM-11:30 AM","140 Withers Hall","Booker, Matthew Morse / Parker,Caroline Grace","08/17/26 - 12/01/26","","Departmental Approval Required"
"HI 360","U.S. Agricultural History","3","Humanities; History Unit; Advised (general list)","Spring 2027","No","","","","","","","","",""
"HI 360","U.S. Agricultural History","3","Humanities; History Unit; Advised (general list)","Summer I 2027","No","","","","","","","","",""
"HI 360","U.S. Agricultural History","3","Humanities; History Unit; Advised (general list)","Summer II 2027","No","","","","","","","","",""
"HI 364","History of North Carolina","3","Humanities; History Unit; Advised (general list)","Fall 2026","Yes","001","Lec","Open 3/70","TTh 11:45 AM-1:00 PM","140 Withers Hall","Lee, Susanna M / Williams,Kathleen","08/17/26 - 12/01/26","","Departmental Approval Required"
"HI 364","History of North Carolina","3","Humanities; History Unit; Advised (general list)","Fall 2026","Yes","002","Lec","Open 8/35","TTh 11:45 AM-1:00 PM","331 Dabney Hall","Laws, Chris","08/17/26 - 12/01/26","","Departmental Approval Required"
"HI 364","History of North Carolina","3","Humanities; History Unit; Advised (general list)","Spring 2027","Yes","001","Lec","Open 70/70","TTh 11:45 AM-1:00 PM","1404 Williams Hall","Laws, Chris","01/11/27 - 04/27/27","",""
"HI 364","History of North Carolina","3","Humanities; History Unit; Advised (general list)","Summer I 2027","No","","","","","","","","",""
"HI 364","History of North Carolina","3","Humanities; History Unit; Advised (general list)","Summer II 2027","No","","","","","","","","",""
"HI 365","The American West","3","Humanities; History Unit; Advised (general list)","Fall 2026","No","","","","","","","","",""
"HI 365","The American West","3","Humanities; History Unit; Advised (general list)","Spring 2027","No","","","","","","","","",""
"HI 365","The American West","3","Humanities; History Unit; Advised (general list)","Summer I 2027","No","","","","","","","","",""
"HI 365","The American West","3","Humanities; History Unit; Advised (general list)","Summer II 2027","No","","","","","","","","",""
"HI 366","Native American History","3","Humanities; History Unit; Advised (general list)","Fall 2026","No","","","","","","","","",""
"HI 366","Native American History","3","Humanities; History Unit; Advised (general list)","Spring 2027","No","","","","","","","","",""
"HI 366","Native American History","3","Humanities; History Unit; Advised (general list)","Summer I 2027","No","","","","","","","","",""
"HI 366","Native American History","3","Humanities; History Unit; Advised (general list)","Summer II 2027","No","","","","","","","","",""
"HI 370","Modern Egypt","3","Humanities; History Unit; Advised (general list)","Fall 2026","No","","","","","","","","",""
"HI 370","Modern Egypt","3","Humanities; History Unit; Advised (general list)","Spring 2027","No","","","","","","","","",""
"HI 370","Modern Egypt","3","Humanities; History Unit; Advised (general list)","Summer I 2027","No","","","","","","","","",""
"HI 370","Modern Egypt","3","Humanities; History Unit; Advised (general list)","Summer II 2027","No","","","","","","","","",""
"HI 371","Modern Japan, 1850 to Present","3","Humanities; History Unit; Advised (general list)","Fall 2026","Yes","001","Lec","Open 3/35","MW 3:00 PM-4:15 PM","214 111 Lampe Drive","Ambaras, David R","08/17/26 - 12/01/26","","Departmental Approval Required"
"HI 371","Modern Japan, 1850 to Present","3","Humanities; History Unit; Advised (general list)","Spring 2027","No","","","","","","","","",""
"HI 371","Modern Japan, 1850 to Present","3","Humanities; History Unit; Advised (general list)","Summer I 2027","No","","","","","","","","",""
"HI 371","Modern Japan, 1850 to Present","3","Humanities; History Unit; Advised (general list)","Summer II 2027","No","","","","","","","","",""
"HI 372","African-American History Through the Civil War, 1619-1865","3","Humanities; History Unit; Advised (general list)","Fall 2026","No","","","","","","","","",""
"HI 372","African-American History Through the Civil War, 1619-1865","3","Humanities; History Unit; Advised (general list)","Spring 2027","No","","","","","","","","",""
"HI 372","African-American History Through the Civil War, 1619-1865","3","Humanities; History Unit; Advised (general list)","Summer I 2027","No","","","","","","","","",""
"HI 372","African-American History Through the Civil War, 1619-1865","3","Humanities; History Unit; Advised (general list)","Summer II 2027","No","","","","","","","","",""
"HI 373","African-American History Since 1865","3","Humanities; History Unit; Advised (general list)","Fall 2026","No","","","","","","","","",""
"HI 373","African-American History Since 1865","3","Humanities; History Unit; Advised (general list)","Spring 2027","Yes","001","Lec","Open 70/70","MW 11:45 AM-1:00 PM","214 Cox Hall","Frazier, Nishani","01/11/27 - 04/27/27","",""
"HI 373","African-American History Since 1865","3","Humanities; History Unit; Advised (general list)","Summer I 2027","No","","","","","","","","",""
"HI 373","African-American History Since 1865","3","Humanities; History Unit; Advised (general list)","Summer II 2027","No","","","","","","","","",""
"HI 374","Visual Culture of Modern South Asia","3","Humanities; History Unit; Advised (general list)","Fall 2026","No","","","","","","","","",""
"HI 374","Visual Culture of Modern South Asia","3","Humanities; History Unit; Advised (general list)","Spring 2027","No","","","","","","","","",""
"HI 374","Visual Culture of Modern South Asia","3","Humanities; History Unit; Advised (general list)","Summer I 2027","No","","","","","","","","",""
"HI 374","Visual Culture of Modern South Asia","3","Humanities; History Unit; Advised (general list)","Summer II 2027","No","","","","","","","","",""
"HI 380","U.S. Nonprofits, Civil Society, and Democracy","3","Humanities; History Unit; Advised (general list)","Fall 2026","No","","","","","","","","",""
"HI 380","U.S. Nonprofits, Civil Society, and Democracy","3","Humanities; History Unit; Advised (general list)","Spring 2027","Yes","001","Lec","Open 35/35","MW 8:30 AM-9:45 AM","115 Withers Hall","Lechner, Steven E. B.","01/11/27 - 04/27/27","",""
"HI 380","U.S. Nonprofits, Civil Society, and Democracy","3","Humanities; History Unit; Advised (general list)","Summer I 2027","No","","","","","","","","",""
"HI 380","U.S. Nonprofits, Civil Society, and Democracy","3","Humanities; History Unit; Advised (general list)","Summer II 2027","No","","","","","","","","",""
"HI 381","","3","Humanities; History Unit; Advised (general list)","Fall 2026","No","","","","","","","","",""
"HI 381","","3","Humanities; History Unit; Advised (general list)","Spring 2027","No","","","","","","","","",""
"HI 381","","3","Humanities; History Unit; Advised (general list)","Summer I 2027","No","","","","","","","","",""
"HI 381","","3","Humanities; History Unit; Advised (general list)","Summer II 2027","No","","","","","","","","",""
"HI 385","Introduction to Public History","3","Humanities; History Unit; Advised (general list)","Fall 2026","Yes","001","Lec","Open 15/35","TTh 1:30 PM-2:45 PM","105 Withers Hall","Brenner, Talia Lily","08/17/26 - 12/01/26","","Departmental Approval Required"
"HI 385","Introduction to Public History","3","Humanities; History Unit; Advised (general list)","Spring 2027","No","","","","","","","","",""
"HI 385","Introduction to Public History","3","Humanities; History Unit; Advised (general list)","Summer I 2027","No","","","","","","","","",""
"HI 385","Introduction to Public History","3","Humanities; History Unit; Advised (general list)","Summer II 2027","No","","","","","","","","",""
"HI 390","Internship in History","3","Advised (general list)","Fall 2026","Yes","001","Int","Open 3/5","TBD","","Kimler, William C.","08/17/26 - 12/01/26","","Instructor Approval Required"
"HI 390","Internship in History","3","Advised (general list)","Spring 2027","Yes","001","Int","Open 5/5","TBD","","Kimler, William C.","01/11/27 - 04/27/27","","Instructor Approval Required"
"HI 390","Internship in History","3","Advised (general list)","Summer I 2027","Yes","001","Int","Open 5/5","TBD","","Kimler, William C.","05/19/27 - 06/23/27 / Summer Five Week Session","","Instructor Approval Required"
"HI 390","Internship in History","3","Advised (general list)","Summer II 2027","No","","","","","","","","",""
"HI 395","History: Study Abroad","1-3","Advised (general list)","Fall 2026","No","","","","","","","","",""
"HI 395","History: Study Abroad","1-3","Advised (general list)","Spring 2027","No","","","","","","","","",""
"HI 395","History: Study Abroad","1-3","Advised (general list)","Summer I 2027","Yes","501","Lec","Open 20/20","TBD","","McGill, Alicia Ebbitt","05/19/27 - 06/23/27 / Summer Five Week Session","","Restricted to: Study Abroad Students Only"
"HI 395","History: Study Abroad","1-3","Advised (general list)","Summer II 2027","No","","","","","","","","",""
"HI 400","Civilization of the Ancient Near East","3","Advised (general list)","Fall 2026","No","","","","","","","","",""
"HI 400","Civilization of the Ancient Near East","3","Advised (general list)","Spring 2027","No","","","","","","","","",""
"HI 400","Civilization of the Ancient Near East","3","Advised (general list)","Summer I 2027","No","","","","","","","","",""
"HI 400","Civilization of the Ancient Near East","3","Advised (general list)","Summer II 2027","No","","","","","","","","",""
"HI 402","Early Christianity to the Time of Eusebius","3","Advised (general list)","Fall 2026","No","","","","","","","","",""
"HI 402","Early Christianity to the Time of Eusebius","3","Advised (general list)","Spring 2027","No","","","","","","","","",""
"HI 402","Early Christianity to the Time of Eusebius","3","Advised (general list)","Summer I 2027","No","","","","","","","","",""
"HI 402","Early Christianity to the Time of Eusebius","3","Advised (general list)","Summer II 2027","No","","","","","","","","",""
"HI 403","Ancient Greek Civilization","3","Humanities; History Unit; Advised (general list)","Fall 2026","No","","","","","","","","",""
"HI 403","Ancient Greek Civilization","3","Humanities; History Unit; Advised (general list)","Spring 2027","No","","","","","","","","",""
"HI 403","Ancient Greek Civilization","3","Humanities; History Unit; Advised (general list)","Summer I 2027","No","","","","","","","","",""
"HI 403","Ancient Greek Civilization","3","Humanities; History Unit; Advised (general list)","Summer II 2027","No","","","","","","","","",""
"HI 404","Rome to 337 A.D.","3","Advised (general list)","Fall 2026","No","","","","","","","","",""
"HI 404","Rome to 337 A.D.","3","Advised (general list)","Spring 2027","No","","","","","","","","",""
"HI 404","Rome to 337 A.D.","3","Advised (general list)","Summer I 2027","No","","","","","","","","",""
"HI 404","Rome to 337 A.D.","3","Advised (general list)","Summer II 2027","No","","","","","","","","",""
"HI 405","History and Archaeology of the Roman Empire","3","Advised (general list)","Fall 2026","No","","","","","","","","",""
"HI 405","History and Archaeology of the Roman Empire","3","Advised (general list)","Spring 2027","No","","","","","","","","",""
"HI 405","History and Archaeology of the Roman Empire","3","Advised (general list)","Summer I 2027","No","","","","","","","","",""
"HI 405","History and Archaeology of the Roman Empire","3","Advised (general list)","Summer II 2027","No","","","","","","","","",""
"HI 406","From Roman Empire to Middle Ages","3","Advised (general list)","Fall 2026","No","","","","","","","","",""
"HI 406","From Roman Empire to Middle Ages","3","Advised (general list)","Spring 2027","No","","","","","","","","",""
"HI 406","From Roman Empire to Middle Ages","3","Advised (general list)","Summer I 2027","No","","","","","","","","",""
"HI 406","From Roman Empire to Middle Ages","3","Advised (general list)","Summer II 2027","No","","","","","","","","",""
"HI 407","Islamic History to 1798","3","Humanities; History Unit; Advised (general list)","Fall 2026","No","","","","","","","","",""
"HI 407","Islamic History to 1798","3","Humanities; History Unit; Advised (general list)","Spring 2027","No","","","","","","","","",""
"HI 407","Islamic History to 1798","3","Humanities; History Unit; Advised (general list)","Summer I 2027","No","","","","","","","","",""
"HI 407","Islamic History to 1798","3","Humanities; History Unit; Advised (general list)","Summer II 2027","No","","","","","","","","",""
"HI 408","Islam in the Modern World","3","Humanities; History Unit; Advised (general list)","Fall 2026","No","","","","","","","","",""
"HI 408","Islam in the Modern World","3","Humanities; History Unit; Advised (general list)","Spring 2027","No","","","","","","","","",""
"HI 408","Islam in the Modern World","3","Humanities; History Unit; Advised (general list)","Summer I 2027","No","","","","","","","","",""
"HI 408","Islam in the Modern World","3","Humanities; History Unit; Advised (general list)","Summer II 2027","No","","","","","","","","",""
"HI 409","The High Middle Ages","3","Humanities; History Unit; Advised (general list)","Fall 2026","No","","","","","","","","",""
"HI 409","The High Middle Ages","3","Humanities; History Unit; Advised (general list)","Spring 2027","No","","","","","","","","",""
"HI 409","The High Middle Ages","3","Humanities; History Unit; Advised (general list)","Summer I 2027","No","","","","","","","","",""
"HI 409","The High Middle Ages","3","Humanities; History Unit; Advised (general list)","Summer II 2027","No","","","","","","","","",""
"HI 410","Italian Renaissance","3","Humanities; History Unit; Advised (general list)","Fall 2026","No","","","","","","","","",""
"HI 410","Italian Renaissance","3","Humanities; History Unit; Advised (general list)","Spring 2027","No","","","","","","","","",""
"HI 410","Italian Renaissance","3","Humanities; History Unit; Advised (general list)","Summer I 2027","Yes","501","Lec","Open 25/25","MTWThF 9:00 AM-11:50 AM","","Hurlburt, Holly Siobhan","05/19/27 - 06/09/27 / Maymester Three Week Session","","Restricted to: Study Abroad Students Only"
"HI 410","Italian Renaissance","3","Humanities; History Unit; Advised (general list)","Summer II 2027","No","","","","","","","","",""
"HI 411","Trials of Faith: Religious Reformation in Early-Modern Europe","3","Advised (general list)","Fall 2026","No","","","","","","","","",""
"HI 411","Trials of Faith: Religious Reformation in Early-Modern Europe","3","Advised (general list)","Spring 2027","No","","","","","","","","",""
"HI 411","Trials of Faith: Religious Reformation in Early-Modern Europe","3","Advised (general list)","Summer I 2027","No","","","","","","","","",""
"HI 411","Trials of Faith: Religious Reformation in Early-Modern Europe","3","Advised (general list)","Summer II 2027","No","","","","","","","","",""
"HI 412","The Sexes and Society in Early-Modern Europe","3","Advised (general list)","Fall 2026","No","","","","","","","","",""
"HI 412","The Sexes and Society in Early-Modern Europe","3","Advised (general list)","Spring 2027","No","","","","","","","","",""
"HI 412","The Sexes and Society in Early-Modern Europe","3","Advised (general list)","Summer I 2027","No","","","","","","","","",""
"HI 412","The Sexes and Society in Early-Modern Europe","3","Advised (general list)","Summer II 2027","No","","","","","","","","",""
"HI 414","From Kings to Revolution: The History of Early-Modern France","3","Advised (general list)","Fall 2026","No","","","","","","","","",""
"HI 414","From Kings to Revolution: The History of Early-Modern France","3","Advised (general list)","Spring 2027","No","","","","","","","","",""
"HI 414","From Kings to Revolution: The History of Early-Modern France","3","Advised (general list)","Summer I 2027","No","","","","","","","","",""
"HI 414","From Kings to Revolution: The History of Early-Modern France","3","Advised (general list)","Summer II 2027","No","","","","","","","","",""
"HI 415","The French Revolution","3","Advised (general list)","Fall 2026","No","","","","","","","","",""
"HI 415","The French Revolution","3","Advised (general list)","Spring 2027","No","","","","","","","","",""
"HI 415","The French Revolution","3","Advised (general list)","Summer I 2027","No","","","","","","","","",""
"HI 415","The French Revolution","3","Advised (general list)","Summer II 2027","No","","","","","","","","",""
"HI 418","Fascist Italy and Nazi Germany","3","Advised (general list)","Fall 2026","No","","","","","","","","",""
"HI 418","Fascist Italy and Nazi Germany","3","Advised (general list)","Spring 2027","Yes","001","Lec","Open 20/20","TTh 11:45 AM-1:00 PM","135 Withers Hall","Chan, Paula Hsiu-ling","01/11/27 - 04/27/27","","Juniors and Seniors Only"
"HI 418","Fascist Italy and Nazi Germany","3","Advised (general list)","Summer I 2027","No","","","","","","","","",""
"HI 418","Fascist Italy and Nazi Germany","3","Advised (general list)","Summer II 2027","No","","","","","","","","",""
"HI 419","Modern European Imperialism","3","Advised (general list)","Fall 2026","No","","","","","","","","",""
"HI 419","Modern European Imperialism","3","Advised (general list)","Spring 2027","Yes","001","Lec","Open 20/20","MW 3:00 PM-4:15 PM","130 Withers Hall","Freitag, Sandria B","01/11/27 - 04/27/27","","Juniors and Seniors Only"
"HI 419","Modern European Imperialism","3","Advised (general list)","Summer I 2027","No","","","","","","","","",""
"HI 419","Modern European Imperialism","3","Advised (general list)","Summer II 2027","No","","","","","","","","",""
"HI 421","European Intellectual History: The Eighteenth Century","3","Advised (general list)","Fall 2026","Yes","001","Lec","Closed 0/15","MW 3:00 PM-4:15 PM","110 Withers Hall","Rudolph, Julia E","08/17/26 - 12/01/26","","Juniors and Seniors Only Departmental Approval Required"
"HI 421","European Intellectual History: The Eighteenth Century","3","Advised (general list)","Spring 2027","No","","","","","","","","",""
"HI 421","European Intellectual History: The Eighteenth Century","3","Advised (general list)","Summer I 2027","No","","","","","","","","",""
"HI 421","European Intellectual History: The Eighteenth Century","3","Advised (general list)","Summer II 2027","No","","","","","","","","",""
"HI 422","European Intellectual History: The 19th Century","3","Advised (general list)","Fall 2026","No","","","","","","","","",""
"HI 422","European Intellectual History: The 19th Century","3","Advised (general list)","Spring 2027","No","","","","","","","","",""
"HI 422","European Intellectual History: The 19th Century","3","Advised (general list)","Summer I 2027","No","","","","","","","","",""
"HI 422","European Intellectual History: The 19th Century","3","Advised (general list)","Summer II 2027","No","","","","","","","","",""
"HI 423","Women in European Enlightenment","3","Advised (general list)","Fall 2026","No","","","","","","","","",""
"HI 423","Women in European Enlightenment","3","Advised (general list)","Spring 2027","No","","","","","","","","",""
"HI 423","Women in European Enlightenment","3","Advised (general list)","Summer I 2027","No","","","","","","","","",""
"HI 423","Women in European Enlightenment","3","Advised (general list)","Summer II 2027","No","","","","","","","","",""
"HI 425","Tudor and Stuart England","3","Advised (general list)","Fall 2026","No","","","","","","","","",""
"HI 425","Tudor and Stuart England","3","Advised (general list)","Spring 2027","No","","","","","","","","",""
"HI 425","Tudor and Stuart England","3","Advised (general list)","Summer I 2027","No","","","","","","","","",""
"HI 425","Tudor and Stuart England","3","Advised (general list)","Summer II 2027","No","","","","","","","","",""
"HI 429","20th Century Britain","3","Advised (general list)","Fall 2026","No","","","","","","","","",""
"HI 429","20th Century Britain","3","Advised (general list)","Spring 2027","No","","","","","","","","",""
"HI 429","20th Century Britain","3","Advised (general list)","Summer I 2027","No","","","","","","","","",""
"HI 429","20th Century Britain","3","Advised (general list)","Summer II 2027","Yes","501","Lec","Open 30/30","TBD","","Coggins, Richard","06/28/27 - 07/30/27 / Summer Five Week Session","","Restricted to: Study Abroad Students Only"
"HI 430","Modern France","3","Advised (general list)","Fall 2026","Yes","001","Lec","Open 3/20","W 3:00 PM-5:45 PM","102 David Clark Labs","Vincent, Steven","08/17/26 - 12/01/26","","Juniors and Seniors Only Departmental Approval Required"
"HI 430","Modern France","3","Advised (general list)","Spring 2027","No","","","","","","","","",""
"HI 430","Modern France","3","Advised (general list)","Summer I 2027","No","","","","","","","","",""
"HI 430","Modern France","3","Advised (general list)","Summer II 2027","No","","","","","","","","",""
"HI 434","Theory and Practice of Digital History","3","Advised (general list)","Fall 2026","No","","","","","","","","",""
"HI 434","Theory and Practice of Digital History","3","Advised (general list)","Spring 2027","No","","","","","","","","",""
"HI 434","Theory and Practice of Digital History","3","Advised (general list)","Summer I 2027","No","","","","","","","","",""
"HI 434","Theory and Practice of Digital History","3","Advised (general list)","Summer II 2027","No","","","","","","","","",""
"HI 437","Topics in Central and East European History","3","Advised (general list)","Fall 2026","No","","","","","","","","",""
"HI 437","Topics in Central and East European History","3","Advised (general list)","Spring 2027","No","","","","","","","","",""
"HI 437","Topics in Central and East European History","3","Advised (general list)","Summer I 2027","No","","","","","","","","",""
"HI 437","Topics in Central and East European History","3","Advised (general list)","Summer II 2027","No","","","","","","","","",""
"HI 440","American Environmental History","3","Advised (general list)","Fall 2026","Yes","001","Lec","Open 2/7","Th 1:30 PM-4:15 PM","117 Ricks Hall","Booker, Matthew Morse","08/17/26 - 12/01/26","","Juniors and Seniors Only Departmental Approval Required"
"HI 440","American Environmental History","3","Advised (general list)","Spring 2027","No","","","","","","","","",""
"HI 440","American Environmental History","3","Advised (general list)","Summer I 2027","No","","","","","","","","",""
"HI 440","American Environmental History","3","Advised (general list)","Summer II 2027","No","","","","","","","","",""
"HI 441","Colonial and Revolutionary U.S","3","Humanities; History Unit; Advised (general list)","Fall 2026","Yes","001","Lec","Closed 0/19","TTh 10:15 AM-11:30 AM","G115 Tompkins Hall","Cherry, Megan L","08/17/26 - 12/01/26","","Juniors and Seniors Only Departmental Approval Required"
"HI 441","Colonial and Revolutionary U.S","3","Humanities; History Unit; Advised (general list)","Spring 2027","No","","","","","","","","",""
"HI 441","Colonial and Revolutionary U.S","3","Humanities; History Unit; Advised (general list)","Summer I 2027","No","","","","","","","","",""
"HI 441","Colonial and Revolutionary U.S","3","Humanities; History Unit; Advised (general list)","Summer II 2027","No","","","","","","","","",""
"HI 443","U.S. Constitutional History to 1883","3","Advised (general list)","Fall 2026","Yes","001","Lec","Open 4/25","Th 3:00 PM-5:45 PM","214 111 Lampe Drive","Weisel, Michael Lloyd","08/17/26 - 12/01/26","","Sophomore Standing or above [including fifth year students] "
"HI 443","U.S. Constitutional History to 1883","3","Advised (general list)","Spring 2027","No","","","","","","","","",""
"HI 443","U.S. Constitutional History to 1883","3","Advised (general list)","Summer I 2027","No","","","","","","","","",""
"HI 443","U.S. Constitutional History to 1883","3","Advised (general list)","Summer II 2027","No","","","","","","","","",""
"HI 444","U.S. Constitutional History Since 1870","3","Advised (general list)","Fall 2026","No","","","","","","","","",""
"HI 444","U.S. Constitutional History Since 1870","3","Advised (general list)","Spring 2027","Yes","001","Lec","Open 25/25","Th 3:00 PM-5:45 PM","209 Winston Hall","Weisel, Michael Lloyd","01/11/27 - 04/27/27","","Sophomore Standing or above [including fifth year students]"
"HI 444","U.S. Constitutional History Since 1870","3","Advised (general list)","Summer I 2027","No","","","","","","","","",""
"HI 444","U.S. Constitutional History Since 1870","3","Advised (general list)","Summer II 2027","No","","","","","","","","",""
"HI 445","Early American Borderlands","3","Humanities; History Unit; Advised (general list)","Fall 2026","No","","","","","","","","",""
"HI 445","Early American Borderlands","3","Humanities; History Unit; Advised (general list)","Spring 2027","No","","","","","","","","",""
"HI 445","Early American Borderlands","3","Humanities; History Unit; Advised (general list)","Summer I 2027","No","","","","","","","","",""
"HI 445","Early American Borderlands","3","Humanities; History Unit; Advised (general list)","Summer II 2027","No","","","","","","","","",""
"HI 446","Topics in Civil War and Reconstruction","3","Humanities; History Unit; Advised (general list)","Fall 2026","Yes","001","Lec","Open 5/20","T 1:30 PM-4:15 PM","115 Withers Hall","Lee, Susanna M","08/17/26 - 12/01/26","","Juniors and Seniors Only Departmental Approval Required"
"HI 446","Topics in Civil War and Reconstruction","3","Humanities; History Unit; Advised (general list)","Spring 2027","No","","","","","","","","",""
"HI 446","Topics in Civil War and Reconstruction","3","Humanities; History Unit; Advised (general list)","Summer I 2027","No","","","","","","","","",""
"HI 446","Topics in Civil War and Reconstruction","3","Humanities; History Unit; Advised (general list)","Summer II 2027","No","","","","","","","","",""
"HI 447","Women in America to 1890","3","Humanities; History Unit; Advised (general list)","Fall 2026","No","","","","","","","","",""
"HI 447","Women in America to 1890","3","Humanities; History Unit; Advised (general list)","Spring 2027","No","","","","","","","","",""
"HI 447","Women in America to 1890","3","Humanities; History Unit; Advised (general list)","Summer I 2027","No","","","","","","","","",""
"HI 447","Women in America to 1890","3","Humanities; History Unit; Advised (general list)","Summer II 2027","No","","","","","","","","",""
"HI 448","American Women in the Twentieth Century","3","Humanities; History Unit; Advised (general list)","Fall 2026","No","","","","","","","","",""
"HI 448","American Women in the Twentieth Century","3","Humanities; History Unit; Advised (general list)","Spring 2027","No","","","","","","","","",""
"HI 448","American Women in the Twentieth Century","3","Humanities; History Unit; Advised (general list)","Summer I 2027","No","","","","","","","","",""
"HI 448","American Women in the Twentieth Century","3","Humanities; History Unit; Advised (general list)","Summer II 2027","No","","","","","","","","",""
"HI 449","U.S. Labor to 1900","3","Advised (general list)","Fall 2026","No","","","","","","","","",""
"HI 449","U.S. Labor to 1900","3","Advised (general list)","Spring 2027","Yes","001","Lec","Open 20/20","TTh 1:30 PM-2:45 PM","110 Withers Hall","Zonderman, David Aaron","01/11/27 - 04/27/27","","Juniors and Seniors Only"
"HI 449","U.S. Labor to 1900","3","Advised (general list)","Summer I 2027","No","","","","","","","","",""
"HI 449","U.S. Labor to 1900","3","Advised (general list)","Summer II 2027","No","","","","","","","","",""
"HI 450","U.S. Labor Since 1900","3","Advised (general list)","Fall 2026","No","","","","","","","","",""
"HI 450","U.S. Labor Since 1900","3","Advised (general list)","Spring 2027","No","","","","","","","","",""
"HI 450","U.S. Labor Since 1900","3","Advised (general list)","Summer I 2027","No","","","","","","","","",""
"HI 450","U.S. Labor Since 1900","3","Advised (general list)","Summer II 2027","No","","","","","","","","",""
"HI 451","The Vietnam War","3","Advised (general list)","Fall 2026","No","","","","","","","","",""
"HI 451","The Vietnam War","3","Advised (general list)","Spring 2027","No","","","","","","","","",""
"HI 451","The Vietnam War","3","Advised (general list)","Summer I 2027","No","","","","","","","","",""
"HI 451","The Vietnam War","3","Advised (general list)","Summer II 2027","No","","","","","","","","",""
"HI 452","Recent America","3","Humanities; History Unit; Advised (general list)","Fall 2026","No","","","","","","","","",""
"HI 452","Recent America","3","Humanities; History Unit; Advised (general list)","Spring 2027","No","","","","","","","","",""
"HI 452","Recent America","3","Humanities; History Unit; Advised (general list)","Summer I 2027","No","","","","","","","","",""
"HI 452","Recent America","3","Humanities; History Unit; Advised (general list)","Summer II 2027","No","","","","","","","","",""
"HI 453","United States-Latin American Relations Since 1823","3","Humanities; History Unit; Advised (general list)","Fall 2026","No","","","","","","","","",""
"HI 453","United States-Latin American Relations Since 1823","3","Humanities; History Unit; Advised (general list)","Spring 2027","No","","","","","","","","",""
"HI 453","United States-Latin American Relations Since 1823","3","Humanities; History Unit; Advised (general list)","Summer I 2027","No","","","","","","","","",""
"HI 453","United States-Latin American Relations Since 1823","3","Humanities; History Unit; Advised (general list)","Summer II 2027","No","","","","","","","","",""
"HI 454","History of U.S. Foreign Relations, 1900-Present","3","Humanities; History Unit; Advised (general list)","Fall 2026","No","","","","","","","","",""
"HI 454","History of U.S. Foreign Relations, 1900-Present","3","Humanities; History Unit; Advised (general list)","Spring 2027","No","","","","","","","","",""
"HI 454","History of U.S. Foreign Relations, 1900-Present","3","Humanities; History Unit; Advised (general list)","Summer I 2027","No","","","","","","","","",""
"HI 454","History of U.S. Foreign Relations, 1900-Present","3","Humanities; History Unit; Advised (general list)","Summer II 2027","No","","","","","","","","",""
"HI 455","History of the Civil Rights Movement","3","Humanities; History Unit; Advised (general list)","Fall 2026","No","","","","","","","","",""
"HI 455","History of the Civil Rights Movement","3","Humanities; History Unit; Advised (general list)","Spring 2027","Yes","001","Lec","Open 20/20","T 3:00 PM-5:45 PM","209 Winston Hall","Charron, Kat","01/11/27 - 04/27/27","","Juniors and Seniors Only"
"HI 455","History of the Civil Rights Movement","3","Humanities; History Unit; Advised (general list)","Summer I 2027","No","","","","","","","","",""
"HI 455","History of the Civil Rights Movement","3","Humanities; History Unit; Advised (general list)","Summer II 2027","No","","","","","","","","",""
"HI 459","The Early American Republic","3","Humanities; History Unit; Advised (general list)","Fall 2026","No","","","","","","","","",""
"HI 459","The Early American Republic","3","Humanities; History Unit; Advised (general list)","Spring 2027","Yes","001","Lec","Open 20/20","MW 11:45 AM-1:00 PM","129 Winston Hall","Friend, Craig T","01/11/27 - 04/27/27","","Juniors and Seniors Only"
"HI 459","The Early American Republic","3","Humanities; History Unit; Advised (general list)","Summer I 2027","No","","","","","","","","",""
"HI 459","The Early American Republic","3","Humanities; History Unit; Advised (general list)","Summer II 2027","No","","","","","","","","",""
"HI 461","Slavery and the American South 1607-1861","3","Humanities; History Unit; Advised (general list)","Fall 2026","No","","","","","","","","",""
"HI 461","Slavery and the American South 1607-1861","3","Humanities; History Unit; Advised (general list)","Spring 2027","No","","","","","","","","",""
"HI 461","Slavery and the American South 1607-1861","3","Humanities; History Unit; Advised (general list)","Summer I 2027","No","","","","","","","","",""
"HI 461","Slavery and the American South 1607-1861","3","Humanities; History Unit; Advised (general list)","Summer II 2027","No","","","","","","","","",""
"HI 462","Southern History since the Civil War","3","Humanities; History Unit; Advised (general list)","Fall 2026","No","","","","","","","","",""
"HI 462","Southern History since the Civil War","3","Humanities; History Unit; Advised (general list)","Spring 2027","No","","","","","","","","",""
"HI 462","Southern History since the Civil War","3","Humanities; History Unit; Advised (general list)","Summer I 2027","No","","","","","","","","",""
"HI 462","Southern History since the Civil War","3","Humanities; History Unit; Advised (general list)","Summer II 2027","No","","","","","","","","",""
"HI 463","Topics in History and Memory","3","Advised (general list)","Fall 2026","No","","","","","","","","",""
"HI 463","Topics in History and Memory","3","Advised (general list)","Spring 2027","No","","","","","","","","",""
"HI 463","Topics in History and Memory","3","Advised (general list)","Summer I 2027","No","","","","","","","","",""
"HI 463","Topics in History and Memory","3","Advised (general list)","Summer II 2027","No","","","","","","","","",""
"HI 465","Oil and Crisis in the Gulf","3","Advised (general list)","Fall 2026","No","","","","","","","","",""
"HI 465","Oil and Crisis in the Gulf","3","Advised (general list)","Spring 2027","Yes","001","Lec","Open 25/25","TTh 11:45 AM-1:00 PM","110 Withers Hall","Alff, Kristen","01/11/27 - 04/27/27","","Sophomore Standing or above [including fifth year students]"
"HI 465","Oil and Crisis in the Gulf","3","Advised (general list)","Summer I 2027","No","","","","","","","","",""
"HI 465","Oil and Crisis in the Gulf","3","Advised (general list)","Summer II 2027","No","","","","","","","","",""
"HI 466","History of the Palestinian-Israeli Conflict","3","Advised (general list)","Fall 2026","No","","","","","","","","",""
"HI 466","History of the Palestinian-Israeli Conflict","3","Advised (general list)","Spring 2027","No","","","","","","","","",""
"HI 466","History of the Palestinian-Israeli Conflict","3","Advised (general list)","Summer I 2027","No","","","","","","","","",""
"HI 466","History of the Palestinian-Israeli Conflict","3","Advised (general list)","Summer II 2027","No","","","","","","","","",""
"HI 467","Modern Mexico","3","Advised (general list)","Fall 2026","No","","","","","","","","",""
"HI 467","Modern Mexico","3","Advised (general list)","Spring 2027","No","","","","","","","","",""
"HI 467","Modern Mexico","3","Advised (general list)","Summer I 2027","No","","","","","","","","",""
"HI 467","Modern Mexico","3","Advised (general list)","Summer II 2027","No","","","","","","","","",""
"HI 468","Slavery in the Americas","3","Advised (general list)","Fall 2026","Yes","001","Lec","Open 7/20","TTh 3:00 PM-4:15 PM","G113 Tompkins Hall","Jones, Ebony P.","08/17/26 - 12/01/26","","Juniors and Seniors Only Instructor Approval Required"
"HI 468","Slavery in the Americas","3","Advised (general list)","Spring 2027","No","","","","","","","","",""
"HI 468","Slavery in the Americas","3","Advised (general list)","Summer I 2027","No","","","","","","","","",""
"HI 468","Slavery in the Americas","3","Advised (general list)","Summer II 2027","No","","","","","","","","",""
"HI 469","Latin American Revolutions","3","Advised (general list)","Fall 2026","Yes","001","Lec","Closed 0/20","MW 1:30 PM-2:45 PM","G126 Tompkins Hall","Robins, Nicholas A","08/17/26 - 12/01/26","","Juniors and Seniors Only Departmental Approval Required"
"HI 469","Latin American Revolutions","3","Advised (general list)","Spring 2027","No","","","","","","","","",""
"HI 469","Latin American Revolutions","3","Advised (general list)","Summer I 2027","No","","","","","","","","",""
"HI 469","Latin American Revolutions","3","Advised (general list)","Summer II 2027","No","","","","","","","","",""
"HI 470","Exploring World History","3","Advised (general list)","Fall 2026","No","","","","","","","","",""
"HI 470","Exploring World History","3","Advised (general list)","Spring 2027","No","","","","","","","","",""
"HI 470","Exploring World History","3","Advised (general list)","Summer I 2027","No","","","","","","","","",""
"HI 470","Exploring World History","3","Advised (general list)","Summer II 2027","No","","","","","","","","",""
"HI 471","Revolutionary China","3","Advised (general list)","Fall 2026","No","","","","","","","","",""
"HI 471","Revolutionary China","3","Advised (general list)","Spring 2027","Yes","001","Lec","Open 20/20","TTh 10:15 AM-11:30 AM","110 Withers Hall","Duan, Xiaolin","01/11/27 - 04/27/27","","Juniors and Seniors Only"
"HI 471","Revolutionary China","3","Advised (general list)","Summer I 2027","No","","","","","","","","",""
"HI 471","Revolutionary China","3","Advised (general list)","Summer II 2027","No","","","","","","","","",""
"HI 472","Fashion, Food, and Fun: Material Culture in Chinese History","3","Advised (general list)","Fall 2026","No","","","","","","","","",""
"HI 472","Fashion, Food, and Fun: Material Culture in Chinese History","3","Advised (general list)","Spring 2027","No","","","","","","","","",""
"HI 472","Fashion, Food, and Fun: Material Culture in Chinese History","3","Advised (general list)","Summer I 2027","No","","","","","","","","",""
"HI 472","Fashion, Food, and Fun: Material Culture in Chinese History","3","Advised (general list)","Summer II 2027","No","","","","","","","","",""
"HI 473","Japan's Empire in Asia, 1868-1945","3","Advised (general list)","Fall 2026","No","","","","","","","","",""
"HI 473","Japan's Empire in Asia, 1868-1945","3","Advised (general list)","Spring 2027","No","","","","","","","","",""
"HI 473","Japan's Empire in Asia, 1868-1945","3","Advised (general list)","Summer I 2027","No","","","","","","","","",""
"HI 473","Japan's Empire in Asia, 1868-1945","3","Advised (general list)","Summer II 2027","No","","","","","","","","",""
"HI 474","Modern India","3","Advised (general list)","Fall 2026","No","","","","","","","","",""
"HI 474","Modern India","3","Advised (general list)","Spring 2027","Yes","001","Lec","Open 25/25","MW 3:00 PM-4:15 PM","300 Brooks Hall","Gilmartin, David P.","01/11/27 - 04/27/27","","Sophomore Standing or above [including fifth year students]"
"HI 474","Modern India","3","Advised (general list)","Summer I 2027","No","","","","","","","","",""
"HI 474","Modern India","3","Advised (general list)","Summer II 2027","No","","","","","","","","",""
"HI 475","History of the Republic of South Africa","3","Humanities; History Unit; Advised (general list)","Fall 2026","No","","","","","","","","",""
"HI 475","History of the Republic of South Africa","3","Humanities; History Unit; Advised (general list)","Spring 2027","No","","","","","","","","",""
"HI 475","History of the Republic of South Africa","3","Humanities; History Unit; Advised (general list)","Summer I 2027","No","","","","","","","","",""
"HI 475","History of the Republic of South Africa","3","Humanities; History Unit; Advised (general list)","Summer II 2027","No","","","","","","","","",""
"HI 476","Leadership in Modern Africa","3","Humanities; History Unit; Advised (general list)","Fall 2026","No","","","","","","","","",""
"HI 476","Leadership in Modern Africa","3","Humanities; History Unit; Advised (general list)","Spring 2027","No","","","","","","","","",""
"HI 476","Leadership in Modern Africa","3","Humanities; History Unit; Advised (general list)","Summer I 2027","No","","","","","","","","",""
"HI 476","Leadership in Modern Africa","3","Humanities; History Unit; Advised (general list)","Summer II 2027","No","","","","","","","","",""
"HI 477","Gender and Sexuality in the Middle East","3","Advised (general list)","Fall 2026","No","","","","","","","","",""
"HI 477","Gender and Sexuality in the Middle East","3","Advised (general list)","Spring 2027","No","","","","","","","","",""
"HI 477","Gender and Sexuality in the Middle East","3","Advised (general list)","Summer I 2027","No","","","","","","","","",""
"HI 477","Gender and Sexuality in the Middle East","3","Advised (general list)","Summer II 2027","No","","","","","","","","",""
"HI 478","Islam and Christianity in Sub-Saharan Africa","3","Humanities; History Unit; Advised (general list)","Fall 2026","No","","","","","","","","",""
"HI 478","Islam and Christianity in Sub-Saharan Africa","3","Humanities; History Unit; Advised (general list)","Spring 2027","No","","","","","","","","",""
"HI 478","Islam and Christianity in Sub-Saharan Africa","3","Humanities; History Unit; Advised (general list)","Summer I 2027","No","","","","","","","","",""
"HI 478","Islam and Christianity in Sub-Saharan Africa","3","Humanities; History Unit; Advised (general list)","Summer II 2027","No","","","","","","","","",""
"HI 479","Africa (sub-Saharan) in the Twentieth Century","3","Humanities; History Unit; Advised (general list)","Fall 2026","No","","","","","","","","",""
"HI 479","Africa (sub-Saharan) in the Twentieth Century","3","Humanities; History Unit; Advised (general list)","Spring 2027","Yes","001","Lec","Open 20/20","TTh 3:00 PM-4:15 PM","110 Withers Hall","Carty, Ryan","01/11/27 - 04/27/27","","Juniors and Seniors Only"
"HI 479","Africa (sub-Saharan) in the Twentieth Century","3","Humanities; History Unit; Advised (general list)","Summer I 2027","No","","","","","","","","",""
"HI 479","Africa (sub-Saharan) in the Twentieth Century","3","Humanities; History Unit; Advised (general list)","Summer II 2027","No","","","","","","","","",""
"HI 481","History of the Life Sciences","3","Advised (general list)","Fall 2026","No","","","","","","","","",""
"HI 481","History of the Life Sciences","3","Advised (general list)","Spring 2027","Yes","002H","Lec","Open 15/15","TTh 10:15 AM-11:30 AM","G108 Caldwell Hall","Kimler, William C.","01/11/27 - 04/27/27","","Prerequisite: Jefferson Scholars Program"
"HI 481","History of the Life Sciences","3","Advised (general list)","Summer I 2027","No","","","","","","","","",""
"HI 481","History of the Life Sciences","3","Advised (general list)","Summer II 2027","No","","","","","","","","",""
"HI 482","Darwinism in Science and Society","3","Advised (general list)","Fall 2026","No","","","","","","","","",""
"HI 482","Darwinism in Science and Society","3","Advised (general list)","Spring 2027","No","","","","","","","","",""
"HI 482","Darwinism in Science and Society","3","Advised (general list)","Summer I 2027","No","","","","","","","","",""
"HI 482","Darwinism in Science and Society","3","Advised (general list)","Summer II 2027","No","","","","","","","","",""
"HI 483","Science and Religion in European History","3","Advised (general list)","Fall 2026","No","","","","","","","","",""
"HI 483","Science and Religion in European History","3","Advised (general list)","Spring 2027","No","","","","","","","","",""
"HI 483","Science and Religion in European History","3","Advised (general list)","Summer I 2027","No","","","","","","","","",""
"HI 483","Science and Religion in European History","3","Advised (general list)","Summer II 2027","No","","","","","","","","",""
"HI 484","Science in European Culture","3","Advised (general list)","Fall 2026","Yes","001","Lec","Open 16/20","TTh 3:00 PM-4:15 PM","20 Winston Hall","Kim, Mi Gyung","08/17/26 - 12/01/26","","Juniors and Seniors Only Departmental Approval Required"
"HI 484","Science in European Culture","3","Advised (general list)","Spring 2027","No","","","","","","","","",""
"HI 484","Science in European Culture","3","Advised (general list)","Summer I 2027","No","","","","","","","","",""
"HI 484","Science in European Culture","3","Advised (general list)","Summer II 2027","No","","","","","","","","",""
"HI 485","History of American Technology","3","Advised (general list)","Fall 2026","Yes","001","Lec","Closed 0/20","TTh 3:00 PM-4:15 PM","125 Withers Hall","Carty, Ryan","08/17/26 - 12/01/26","","Juniors and Seniors Only Departmental Approval Required"
"HI 485","History of American Technology","3","Advised (general list)","Spring 2027","No","","","","","","","","",""
"HI 485","History of American Technology","3","Advised (general list)","Summer I 2027","No","","","","","","","","",""
"HI 485","History of American Technology","3","Advised (general list)","Summer II 2027","No","","","","","","","","",""
"HI 486","Science and Empire","3","Humanities; History Unit; Advised (general list)","Fall 2026","No","","","","","","","","",""
"HI 486","Science and Empire","3","Humanities; History Unit; Advised (general list)","Spring 2027","Yes","001","Lec","Open 20/20","MW 3:00 PM-4:15 PM","3214 Gardner Hall","Kim, Mi Gyung","01/11/27 - 04/27/27","","Juniors and Seniors Only"
"HI 486","Science and Empire","3","Humanities; History Unit; Advised (general list)","Summer I 2027","No","","","","","","","","",""
"HI 486","Science and Empire","3","Humanities; History Unit; Advised (general list)","Summer II 2027","No","","","","","","","","",""
"HI 488","Family and Community History","3","Advised (general list)","Fall 2026","No","","","","","","","","",""
"HI 488","Family and Community History","3","Advised (general list)","Spring 2027","No","","","","","","","","",""
"HI 488","Family and Community History","3","Advised (general list)","Summer I 2027","No","","","","","","","","",""
"HI 488","Family and Community History","3","Advised (general list)","Summer II 2027","No","","","","","","","","",""
"HI 491","Seminar in History","3","Advised (general list)","Fall 2026","Yes","001","Sem","Open 1/12","TTh 11:45 AM-1:00 PM","117 Ricks Hall","Lechner, Steven E. B.","08/17/26 - 12/01/26","U.S. Immigration History: A Critical Examination","Undergraduate standing in History [16HISTBA, 16LAHND, 16SAB/"
"HI 491","Seminar in History","3","Advised (general list)","Fall 2026","Yes","002","Sem","Open 4/12","TTh 3:00 PM-4:15 PM","126 Tompkins Hall","Gilmartin, David P.","08/17/26 - 12/01/26","Law and Colonialism","Undergraduate standing in History [16HISTBA, 16LAHND, 16SAB/"
"HI 491","Seminar in History","3","Advised (general list)","Fall 2026","Yes","003","Sem","Open 1/12","MW 11:45 AM-1:00 PM","246 Withers Hall","Chan, Paula Hsiu-ling","08/17/26 - 12/01/26","","Departmental Approval Required"
"HI 491","Seminar in History","3","Advised (general list)","Spring 2027","Yes","001","Sem","Open 15/15","W 1:30 PM-4:15 PM","4163 Nelson Hall","Sirota, Brent S","01/11/27 - 04/27/27","Conspiracy Theories in History","Prerequisite: History Majors Only Departmental Approval Requ"
"HI 491","Seminar in History","3","Advised (general list)","Spring 2027","Yes","002","Sem","Open 15/15","MW 11:45 AM-1:00 PM","246 Withers Hall","Ginestet, Esther Margot","01/11/27 - 04/27/27","Gender in Africa","Prerequisite: History Majors Only Departmental Approval Requ"
"HI 491","Seminar in History","3","Advised (general list)","Spring 2027","Yes","003","Sem","Open 15/15","T 1:30 PM-4:15 PM","2 Ricks Hall","Ambaras, David R","01/11/27 - 04/27/27","Borders and Border-crossers in the Modern World","Prerequisite: History Majors Only Departmental Approval Requ"
"HI 491","Seminar in History","3","Advised (general list)","Summer I 2027","No","","","","","","","","",""
"HI 491","Seminar in History","3","Advised (general list)","Summer II 2027","No","","","","","","","","",""
"HI 495","Honors Research in History I","3","Advised (general list)","Fall 2026","Yes","001H","Ind","Open 5/10","TBD","","Lechner, Steven E. B.","08/17/26 - 12/01/26","","Prerequisite: Senior in History Honors Program Instructor Ap"
"HI 495","Honors Research in History I","3","Advised (general list)","Spring 2027","Yes","001H","Ind","Open 10/10","TBD","","Lechner, Steven E. B.","01/11/27 - 04/27/27","","Honors and Scholars, or students with cumulative GPA > 3.0 o"
"HI 495","Honors Research in History I","3","Advised (general list)","Summer I 2027","No","","","","","","","","",""
"HI 495","Honors Research in History I","3","Advised (general list)","Summer II 2027","Yes","001H","Ind","Open 10/10","TBD","","Lechner, Steven E. B.","06/28/27 - 07/30/27 / Summer Five Week Session","","Honors and Scholars, or students with cumulative GPA > 3.0 o"
"HI 496","Honors Research in History II","3","Advised (general list)","Fall 2026","Yes","001H","Ind","Open 6/10","TBD","","Lechner, Steven E. B.","08/17/26 - 12/01/26","","Prerequisite: HI 495, Senior in History Honors Program Instr"
"HI 496","Honors Research in History II","3","Advised (general list)","Spring 2027","Yes","001H","Ind","Open 10/10","TBD","","Lechner, Steven E. B.","01/11/27 - 04/27/27","","Honors and Scholars, or students with cumulative GPA > 3.0 o"
"HI 496","Honors Research in History II","3","Advised (general list)","Summer I 2027","No","","","","","","","","",""
"HI 496","Honors Research in History II","3","Advised (general list)","Summer II 2027","Yes","001H","Ind","Open 5/5","TBD","","Lechner, Steven E. B.","06/28/27 - 07/30/27 / Summer Five Week Session","","Honors and Scholars, or students with cumulative GPA > 3.0 o"
"HI 498","Independent Study in History","1-6","Advised (general list)","Fall 2026","Yes","001","Ind","Open 9/10","TBD","","Kimler, William C.","08/17/26 - 12/01/26","","Prerequisite: History Majors Only Instructor Approval Requir"
"HI 498","Independent Study in History","1-6","Advised (general list)","Spring 2027","Yes","001","Ind","Open 10/10","TBD","","Kimler, William C.","01/11/27 - 04/27/27","","Honors and Scholars, or students with cumulative GPA > 3.0 o"
"HI 498","Independent Study in History","1-6","Advised (general list)","Summer I 2027","No","","","","","","","","",""
"HI 498","Independent Study in History","1-6","Advised (general list)","Summer II 2027","No","","","","","","","","",""
"HI 499","Special Topics in History","1-3","Advised (general list)","Fall 2026","No","","","","","","","","",""
"HI 499","Special Topics in History","1-3","Advised (general list)","Spring 2027","No","","","","","","","","",""
"HI 499","Special Topics in History","1-3","Advised (general list)","Summer I 2027","No","","","","","","","","",""
"HI 499","Special Topics in History","1-3","Advised (general list)","Summer II 2027","No","","","","","","","","",""
"HI 500","Civilization of the Ancient Near East","3","Advised (general list)","Fall 2026","No","","","","","","","","",""
"HI 500","Civilization of the Ancient Near East","3","Advised (general list)","Spring 2027","No","","","","","","","","",""
"HI 500","Civilization of the Ancient Near East","3","Advised (general list)","Summer I 2027","No","","","","","","","","",""
"HI 500","Civilization of the Ancient Near East","3","Advised (general list)","Summer II 2027","No","","","","","","","","",""
"HI 502","Early Christianity to the Time of Eusebius","3","Advised (general list)","Fall 2026","No","","","","","","","","",""
"HI 502","Early Christianity to the Time of Eusebius","3","Advised (general list)","Spring 2027","No","","","","","","","","",""
"HI 502","Early Christianity to the Time of Eusebius","3","Advised (general list)","Summer I 2027","No","","","","","","","","",""
"HI 502","Early Christianity to the Time of Eusebius","3","Advised (general list)","Summer II 2027","No","","","","","","","","",""
"HI 503","Ancient Greek Civilization","3","Humanities; History Unit; Advised (general list)","Fall 2026","No","","","","","","","","",""
"HI 503","Ancient Greek Civilization","3","Humanities; History Unit; Advised (general list)","Spring 2027","No","","","","","","","","",""
"HI 503","Ancient Greek Civilization","3","Humanities; History Unit; Advised (general list)","Summer I 2027","No","","","","","","","","",""
"HI 503","Ancient Greek Civilization","3","Humanities; History Unit; Advised (general list)","Summer II 2027","No","","","","","","","","",""
"HI 504","Rome to 337 A.D.","3","Advised (general list)","Fall 2026","No","","","","","","","","",""
"HI 504","Rome to 337 A.D.","3","Advised (general list)","Spring 2027","No","","","","","","","","",""
"HI 504","Rome to 337 A.D.","3","Advised (general list)","Summer I 2027","No","","","","","","","","",""
"HI 504","Rome to 337 A.D.","3","Advised (general list)","Summer II 2027","No","","","","","","","","",""
"HI 505","History and Archaeology of the Roman Empire","3","Advised (general list)","Fall 2026","No","","","","","","","","",""
"HI 505","History and Archaeology of the Roman Empire","3","Advised (general list)","Spring 2027","No","","","","","","","","",""
"HI 505","History and Archaeology of the Roman Empire","3","Advised (general list)","Summer I 2027","No","","","","","","","","",""
"HI 505","History and Archaeology of the Roman Empire","3","Advised (general list)","Summer II 2027","No","","","","","","","","",""
"HI 506","From Roman Empire to Middle Ages","3","Advised (general list)","Fall 2026","No","","","","","","","","",""
"HI 506","From Roman Empire to Middle Ages","3","Advised (general list)","Spring 2027","No","","","","","","","","",""
"HI 506","From Roman Empire to Middle Ages","3","Advised (general list)","Summer I 2027","No","","","","","","","","",""
"HI 506","From Roman Empire to Middle Ages","3","Advised (general list)","Summer II 2027","No","","","","","","","","",""
"HI 507","Islamic History to 1798","3","Advised (general list)","Fall 2026","No","","","","","","","","",""
"HI 507","Islamic History to 1798","3","Advised (general list)","Spring 2027","No","","","","","","","","",""
"HI 507","Islamic History to 1798","3","Advised (general list)","Summer I 2027","No","","","","","","","","",""
"HI 507","Islamic History to 1798","3","Advised (general list)","Summer II 2027","No","","","","","","","","",""
"HI 508","Islam in the Modern World","3","Advised (general list)","Fall 2026","No","","","","","","","","",""
"HI 508","Islam in the Modern World","3","Advised (general list)","Spring 2027","No","","","","","","","","",""
"HI 508","Islam in the Modern World","3","Advised (general list)","Summer I 2027","No","","","","","","","","",""
"HI 508","Islam in the Modern World","3","Advised (general list)","Summer II 2027","No","","","","","","","","",""
"HI 509","The High Middle Ages","3","Humanities; History Unit; Advised (general list)","Fall 2026","No","","","","","","","","",""
"HI 509","The High Middle Ages","3","Humanities; History Unit; Advised (general list)","Spring 2027","No","","","","","","","","",""
"HI 509","The High Middle Ages","3","Humanities; History Unit; Advised (general list)","Summer I 2027","No","","","","","","","","",""
"HI 509","The High Middle Ages","3","Humanities; History Unit; Advised (general list)","Summer II 2027","No","","","","","","","","",""
"HI 511","Trials of Faith: Religious Reformation in Early-Modern Europe","3","Advised (general list)","Fall 2026","No","","","","","","","","",""
"HI 511","Trials of Faith: Religious Reformation in Early-Modern Europe","3","Advised (general list)","Spring 2027","No","","","","","","","","",""
"HI 511","Trials of Faith: Religious Reformation in Early-Modern Europe","3","Advised (general list)","Summer I 2027","No","","","","","","","","",""
"HI 511","Trials of Faith: Religious Reformation in Early-Modern Europe","3","Advised (general list)","Summer II 2027","No","","","","","","","","",""
"HI 512","The Sexes and Society in Early-Modern Europe","3","Advised (general list)","Fall 2026","No","","","","","","","","",""
"HI 512","The Sexes and Society in Early-Modern Europe","3","Advised (general list)","Spring 2027","No","","","","","","","","",""
"HI 512","The Sexes and Society in Early-Modern Europe","3","Advised (general list)","Summer I 2027","No","","","","","","","","",""
"HI 512","The Sexes and Society in Early-Modern Europe","3","Advised (general list)","Summer II 2027","No","","","","","","","","",""
"HI 514","From Kings to Revolution: The History of Early-Modern France","3","Advised (general list)","Fall 2026","No","","","","","","","","",""
"HI 514","From Kings to Revolution: The History of Early-Modern France","3","Advised (general list)","Spring 2027","No","","","","","","","","",""
"HI 514","From Kings to Revolution: The History of Early-Modern France","3","Advised (general list)","Summer I 2027","No","","","","","","","","",""
"HI 514","From Kings to Revolution: The History of Early-Modern France","3","Advised (general list)","Summer II 2027","No","","","","","","","","",""
"HI 515","The French Revolution","3","Advised (general list)","Fall 2026","No","","","","","","","","",""
"HI 515","The French Revolution","3","Advised (general list)","Spring 2027","No","","","","","","","","",""
"HI 515","The French Revolution","3","Advised (general list)","Summer I 2027","No","","","","","","","","",""
"HI 515","The French Revolution","3","Advised (general list)","Summer II 2027","No","","","","","","","","",""
"HI 518","Fascist Italy and Nazi Germany","3","Advised (general list)","Fall 2026","No","","","","","","","","",""
"HI 518","Fascist Italy and Nazi Germany","3","Advised (general list)","Spring 2027","Yes","001","Lec","Open 5/5","TTh 11:45 AM-1:00 PM","135 Withers Hall","Chan, Paula Hsiu-ling","01/11/27 - 04/27/27","",""
"HI 518","Fascist Italy and Nazi Germany","3","Advised (general list)","Summer I 2027","No","","","","","","","","",""
"HI 518","Fascist Italy and Nazi Germany","3","Advised (general list)","Summer II 2027","No","","","","","","","","",""
"HI 519","Modern European Imperialism","3","Advised (general list)","Fall 2026","No","","","","","","","","",""
"HI 519","Modern European Imperialism","3","Advised (general list)","Spring 2027","Yes","001","Lec","Open 5/5","MW 3:00 PM-4:15 PM","130 Withers Hall","Freitag, Sandria B","01/11/27 - 04/27/27","",""
"HI 519","Modern European Imperialism","3","Advised (general list)","Summer I 2027","No","","","","","","","","",""
"HI 519","Modern European Imperialism","3","Advised (general list)","Summer II 2027","No","","","","","","","","",""
"HI 521","European Intellectual History: The Eighteenth Century","3","Advised (general list)","Fall 2026","Yes","001","Lec","Open 2/7","MW 3:00 PM-4:15 PM","110 Withers Hall","Rudolph, Julia E","08/17/26 - 12/01/26","","Departmental Approval Required"
"HI 521","European Intellectual History: The Eighteenth Century","3","Advised (general list)","Spring 2027","No","","","","","","","","",""
"HI 521","European Intellectual History: The Eighteenth Century","3","Advised (general list)","Summer I 2027","No","","","","","","","","",""
"HI 521","European Intellectual History: The Eighteenth Century","3","Advised (general list)","Summer II 2027","No","","","","","","","","",""
"HI 522","European Intellectual History: The 19th Century","3","Advised (general list)","Fall 2026","No","","","","","","","","",""
"HI 522","European Intellectual History: The 19th Century","3","Advised (general list)","Spring 2027","No","","","","","","","","",""
"HI 522","European Intellectual History: The 19th Century","3","Advised (general list)","Summer I 2027","No","","","","","","","","",""
"HI 522","European Intellectual History: The 19th Century","3","Advised (general list)","Summer II 2027","No","","","","","","","","",""
"HI 523","Women in European Enlightenment","3","Advised (general list)","Fall 2026","No","","","","","","","","",""
"HI 523","Women in European Enlightenment","3","Advised (general list)","Spring 2027","No","","","","","","","","",""
"HI 523","Women in European Enlightenment","3","Advised (general list)","Summer I 2027","No","","","","","","","","",""
"HI 523","Women in European Enlightenment","3","Advised (general list)","Summer II 2027","No","","","","","","","","",""
"HI 525","Tudor and Stuart England","3","Advised (general list)","Fall 2026","No","","","","","","","","",""
"HI 525","Tudor and Stuart England","3","Advised (general list)","Spring 2027","No","","","","","","","","",""
"HI 525","Tudor and Stuart England","3","Advised (general list)","Summer I 2027","No","","","","","","","","",""
"HI 525","Tudor and Stuart England","3","Advised (general list)","Summer II 2027","No","","","","","","","","",""
"HI 530","Modern France","3","Advised (general list)","Fall 2026","No","","","","","","","","",""
"HI 530","Modern France","3","Advised (general list)","Spring 2027","No","","","","","","","","",""
"HI 530","Modern France","3","Advised (general list)","Summer I 2027","No","","","","","","","","",""
"HI 530","Modern France","3","Advised (general list)","Summer II 2027","No","","","","","","","","",""
"HI 533","Theory and Practice of Oral History","3","Advised (general list)","Fall 2026","Yes","001","Lec","Closed 0/15","T 3:00 PM-5:45 PM","105 Ricks Hall","Frazier, Nishani","08/17/26 - 12/01/26","","Departmental Approval Required"
"HI 533","Theory and Practice of Oral History","3","Advised (general list)","Spring 2027","No","","","","","","","","",""
"HI 533","Theory and Practice of Oral History","3","Advised (general list)","Summer I 2027","No","","","","","","","","",""
"HI 533","Theory and Practice of Oral History","3","Advised (general list)","Summer II 2027","No","","","","","","","","",""
"HI 534","Theory and Practice of Digital History","3","Advised (general list)","Fall 2026","Yes","001","Lec","Open 5/12","W 1:30 PM-4:15 PM","131 Withers Hall","Freitas, Frederico","08/17/26 - 12/01/26","","Departmental Approval Required"
"HI 534","Theory and Practice of Digital History","3","Advised (general list)","Spring 2027","No","","","","","","","","",""
"HI 534","Theory and Practice of Digital History","3","Advised (general list)","Summer I 2027","No","","","","","","","","",""
"HI 534","Theory and Practice of Digital History","3","Advised (general list)","Summer II 2027","No","","","","","","","","",""
"HI 535","Spatial History","3","Advised (general list)","Fall 2026","No","","","","","","","","",""
"HI 535","Spatial History","3","Advised (general list)","Spring 2027","Yes","001","Sem","Open 12/12","T 1:30 PM-4:15 PM","113 Tompkins Hall","Freitas, Frederico","01/11/27 - 04/27/27","",""
"HI 535","Spatial History","3","Advised (general list)","Summer I 2027","No","","","","","","","","",""
"HI 535","Spatial History","3","Advised (general list)","Summer II 2027","No","","","","","","","","",""
"HI 539","History Of the Soviet Union and After","3","Advised (general list)","Fall 2026","No","","","","","","","","",""
"HI 539","History Of the Soviet Union and After","3","Advised (general list)","Spring 2027","No","","","","","","","","",""
"HI 539","History Of the Soviet Union and After","3","Advised (general list)","Summer I 2027","No","","","","","","","","",""
"HI 539","History Of the Soviet Union and After","3","Advised (general list)","Summer II 2027","No","","","","","","","","",""
"HI 540","American Environmental History","3","Advised (general list)","Fall 2026","Yes","001","Lec","Open 2/5","Th 1:30 PM-4:15 PM","117 Ricks Hall","Booker, Matthew Morse","08/17/26 - 12/01/26","","Departmental Approval Required"
"HI 540","American Environmental History","3","Advised (general list)","Spring 2027","No","","","","","","","","",""
"HI 540","American Environmental History","3","Advised (general list)","Summer I 2027","No","","","","","","","","",""
"HI 540","American Environmental History","3","Advised (general list)","Summer II 2027","No","","","","","","","","",""
"HI 541","Colonial and Revolutionary U.S","3","Humanities; History Unit; Advised (general list)","Fall 2026","Yes","001","Lec","Open 1/5","TTh 10:15 AM-11:30 AM","G115 Tompkins Hall","Cherry, Megan L","08/17/26 - 12/01/26","","Departmental Approval Required"
"HI 541","Colonial and Revolutionary U.S","3","Humanities; History Unit; Advised (general list)","Spring 2027","No","","","","","","","","",""
"HI 541","Colonial and Revolutionary U.S","3","Humanities; History Unit; Advised (general list)","Summer I 2027","No","","","","","","","","",""
"HI 541","Colonial and Revolutionary U.S","3","Humanities; History Unit; Advised (general list)","Summer II 2027","No","","","","","","","","",""
"HI 543","U.S. Constitutional History to 1883","3","Advised (general list)","Fall 2026","No","","","","","","","","",""
"HI 543","U.S. Constitutional History to 1883","3","Advised (general list)","Spring 2027","No","","","","","","","","",""
"HI 543","U.S. Constitutional History to 1883","3","Advised (general list)","Summer I 2027","No","","","","","","","","",""
"HI 543","U.S. Constitutional History to 1883","3","Advised (general list)","Summer II 2027","No","","","","","","","","",""
"HI 544","US Constitutional History Since 1870","3","Advised (general list)","Fall 2026","No","","","","","","","","",""
"HI 544","US Constitutional History Since 1870","3","Advised (general list)","Spring 2027","No","","","","","","","","",""
"HI 544","US Constitutional History Since 1870","3","Advised (general list)","Summer I 2027","No","","","","","","","","",""
"HI 544","US Constitutional History Since 1870","3","Advised (general list)","Summer II 2027","No","","","","","","","","",""
"HI 545","Early American Borderlands","3","Humanities; History Unit; Advised (general list)","Fall 2026","No","","","","","","","","",""
"HI 545","Early American Borderlands","3","Humanities; History Unit; Advised (general list)","Spring 2027","No","","","","","","","","",""
"HI 545","Early American Borderlands","3","Humanities; History Unit; Advised (general list)","Summer I 2027","No","","","","","","","","",""
"HI 545","Early American Borderlands","3","Humanities; History Unit; Advised (general list)","Summer II 2027","No","","","","","","","","",""
"HI 546","Topics in Civil War and Reconstruction","3","Humanities; History Unit; Advised (general list)","Fall 2026","Yes","001","Lec","Open 2/5","T 1:30 PM-4:15 PM","115 Withers Hall","Lee, Susanna M","08/17/26 - 12/01/26","","Departmental Approval Required"
"HI 546","Topics in Civil War and Reconstruction","3","Humanities; History Unit; Advised (general list)","Spring 2027","No","","","","","","","","",""
"HI 546","Topics in Civil War and Reconstruction","3","Humanities; History Unit; Advised (general list)","Summer I 2027","No","","","","","","","","",""
"HI 546","Topics in Civil War and Reconstruction","3","Humanities; History Unit; Advised (general list)","Summer II 2027","No","","","","","","","","",""
"HI 547","Women in America to 1890","3","Humanities; History Unit; Advised (general list)","Fall 2026","No","","","","","","","","",""
"HI 547","Women in America to 1890","3","Humanities; History Unit; Advised (general list)","Spring 2027","No","","","","","","","","",""
"HI 547","Women in America to 1890","3","Humanities; History Unit; Advised (general list)","Summer I 2027","No","","","","","","","","",""
"HI 547","Women in America to 1890","3","Humanities; History Unit; Advised (general list)","Summer II 2027","No","","","","","","","","",""
"HI 548","American Women in the Twentieth Century","3","Humanities; History Unit; Advised (general list)","Fall 2026","No","","","","","","","","",""
"HI 548","American Women in the Twentieth Century","3","Humanities; History Unit; Advised (general list)","Spring 2027","No","","","","","","","","",""
"HI 548","American Women in the Twentieth Century","3","Humanities; History Unit; Advised (general list)","Summer I 2027","No","","","","","","","","",""
"HI 548","American Women in the Twentieth Century","3","Humanities; History Unit; Advised (general list)","Summer II 2027","No","","","","","","","","",""
"HI 549","U.S. Labor to 1900","3","Advised (general list)","Fall 2026","No","","","","","","","","",""
"HI 549","U.S. Labor to 1900","3","Advised (general list)","Spring 2027","Yes","001","Lec","Open 5/5","TTh 1:30 PM-2:45 PM","110 Withers Hall","Zonderman, David Aaron","01/11/27 - 04/27/27","",""
"HI 549","U.S. Labor to 1900","3","Advised (general list)","Summer I 2027","No","","","","","","","","",""
"HI 549","U.S. Labor to 1900","3","Advised (general list)","Summer II 2027","No","","","","","","","","",""
"HI 550","U. S. Labor Since 1900","3","Advised (general list)","Fall 2026","No","","","","","","","","",""
"HI 550","U. S. Labor Since 1900","3","Advised (general list)","Spring 2027","No","","","","","","","","",""
"HI 550","U. S. Labor Since 1900","3","Advised (general list)","Summer I 2027","No","","","","","","","","",""
"HI 550","U. S. Labor Since 1900","3","Advised (general list)","Summer II 2027","No","","","","","","","","",""
"HI 551","The Vietnam War","3","Advised (general list)","Fall 2026","No","","","","","","","","",""
"HI 551","The Vietnam War","3","Advised (general list)","Spring 2027","No","","","","","","","","",""
"HI 551","The Vietnam War","3","Advised (general list)","Summer I 2027","No","","","","","","","","",""
"HI 551","The Vietnam War","3","Advised (general list)","Summer II 2027","No","","","","","","","","",""
"HI 552","Recent America","3","Humanities; History Unit; Advised (general list)","Fall 2026","Yes","001","Lec","Open 5/12","M 3:00 PM-5:45 PM","243 Withers Hall","Charron, Kat","08/17/26 - 12/01/26","","Departmental Approval Required"
"HI 552","Recent America","3","Humanities; History Unit; Advised (general list)","Spring 2027","No","","","","","","","","",""
"HI 552","Recent America","3","Humanities; History Unit; Advised (general list)","Summer I 2027","No","","","","","","","","",""
"HI 552","Recent America","3","Humanities; History Unit; Advised (general list)","Summer II 2027","No","","","","","","","","",""
"HI 553","United States-Latin American Relations Since 1823","3","Humanities; History Unit; Advised (general list)","Fall 2026","No","","","","","","","","",""
"HI 553","United States-Latin American Relations Since 1823","3","Humanities; History Unit; Advised (general list)","Spring 2027","No","","","","","","","","",""
"HI 553","United States-Latin American Relations Since 1823","3","Humanities; History Unit; Advised (general list)","Summer I 2027","No","","","","","","","","",""
"HI 553","United States-Latin American Relations Since 1823","3","Humanities; History Unit; Advised (general list)","Summer II 2027","No","","","","","","","","",""
"HI 554","History Of U. S. Foreign Relations, 1900-Present","3","Advised (general list)","Fall 2026","No","","","","","","","","",""
"HI 554","History Of U. S. Foreign Relations, 1900-Present","3","Advised (general list)","Spring 2027","No","","","","","","","","",""
"HI 554","History Of U. S. Foreign Relations, 1900-Present","3","Advised (general list)","Summer I 2027","No","","","","","","","","",""
"HI 554","History Of U. S. Foreign Relations, 1900-Present","3","Advised (general list)","Summer II 2027","No","","","","","","","","",""
"HI 555","History of the Civil Rights Movement","3","Humanities; History Unit; Advised (general list)","Fall 2026","No","","","","","","","","",""
"HI 555","History of the Civil Rights Movement","3","Humanities; History Unit; Advised (general list)","Spring 2027","Yes","001","Lec","Open 5/5","T 3:00 PM-5:45 PM","209 Winston Hall","Charron, Kat","01/11/27 - 04/27/27","",""
"HI 555","History of the Civil Rights Movement","3","Humanities; History Unit; Advised (general list)","Summer I 2027","No","","","","","","","","",""
"HI 555","History of the Civil Rights Movement","3","Humanities; History Unit; Advised (general list)","Summer II 2027","No","","","","","","","","",""
"HI 559","The Early American Republic","3","Humanities; History Unit; Advised (general list)","Fall 2026","No","","","","","","","","",""
"HI 559","The Early American Republic","3","Humanities; History Unit; Advised (general list)","Spring 2027","Yes","001","Lec","Open 5/5","MW 11:45 AM-1:00 PM","129 Winston Hall","Friend, Craig T","01/11/27 - 04/27/27","",""
"HI 559","The Early American Republic","3","Humanities; History Unit; Advised (general list)","Summer I 2027","No","","","","","","","","",""
"HI 559","The Early American Republic","3","Humanities; History Unit; Advised (general list)","Summer II 2027","No","","","","","","","","",""
"HI 561","Slavery and the American South 1607-1861","3","Humanities; History Unit; Advised (general list)","Fall 2026","No","","","","","","","","",""
"HI 561","Slavery and the American South 1607-1861","3","Humanities; History Unit; Advised (general list)","Spring 2027","No","","","","","","","","",""
"HI 561","Slavery and the American South 1607-1861","3","Humanities; History Unit; Advised (general list)","Summer I 2027","No","","","","","","","","",""
"HI 561","Slavery and the American South 1607-1861","3","Humanities; History Unit; Advised (general list)","Summer II 2027","No","","","","","","","","",""
"HI 562","Southern History since the Civil War","3","Humanities; History Unit; Advised (general list)","Fall 2026","No","","","","","","","","",""
"HI 562","Southern History since the Civil War","3","Humanities; History Unit; Advised (general list)","Spring 2027","No","","","","","","","","",""
"HI 562","Southern History since the Civil War","3","Humanities; History Unit; Advised (general list)","Summer I 2027","No","","","","","","","","",""
"HI 562","Southern History since the Civil War","3","Humanities; History Unit; Advised (general list)","Summer II 2027","No","","","","","","","","",""
"HI 563","Topics in History and Memory","3","Advised (general list)","Fall 2026","No","","","","","","","","",""
"HI 563","Topics in History and Memory","3","Advised (general list)","Spring 2027","No","","","","","","","","",""
"HI 563","Topics in History and Memory","3","Advised (general list)","Summer I 2027","No","","","","","","","","",""
"HI 563","Topics in History and Memory","3","Advised (general list)","Summer II 2027","No","","","","","","","","",""
"HI 566","Readings in Native American History","3","Advised (general list)","Fall 2026","No","","","","","","","","",""
"HI 566","Readings in Native American History","3","Advised (general list)","Spring 2027","No","","","","","","","","",""
"HI 566","Readings in Native American History","3","Advised (general list)","Summer I 2027","No","","","","","","","","",""
"HI 566","Readings in Native American History","3","Advised (general list)","Summer II 2027","No","","","","","","","","",""
"HI 568","Slavery in the Americas","3","Advised (general list)","Fall 2026","Yes","001","Lec","Open 2/5","TTh 3:00 PM-4:15 PM","G113 Tompkins Hall","Jones, Ebony P.","08/17/26 - 12/01/26","","Instructor Approval Required"
"HI 568","Slavery in the Americas","3","Advised (general list)","Spring 2027","No","","","","","","","","",""
"HI 568","Slavery in the Americas","3","Advised (general list)","Summer I 2027","No","","","","","","","","",""
"HI 568","Slavery in the Americas","3","Advised (general list)","Summer II 2027","No","","","","","","","","",""
"HI 569","Latin American Revolutions","3","Advised (general list)","Fall 2026","Yes","001","Lec","Open 3/5","MW 1:30 PM-2:45 PM","G126 Tompkins Hall","Robins, Nicholas A","08/17/26 - 12/01/26","","Departmental Approval Required"
"HI 569","Latin American Revolutions","3","Advised (general list)","Spring 2027","No","","","","","","","","",""
"HI 569","Latin American Revolutions","3","Advised (general list)","Summer I 2027","No","","","","","","","","",""
"HI 569","Latin American Revolutions","3","Advised (general list)","Summer II 2027","No","","","","","","","","",""
"HI 570","Exploring World History","3","Advised (general list)","Fall 2026","No","","","","","","","","",""
"HI 570","Exploring World History","3","Advised (general list)","Spring 2027","No","","","","","","","","",""
"HI 570","Exploring World History","3","Advised (general list)","Summer I 2027","No","","","","","","","","",""
"HI 570","Exploring World History","3","Advised (general list)","Summer II 2027","No","","","","","","","","",""
"HI 571","Revolutionary China","3","Advised (general list)","Fall 2026","No","","","","","","","","",""
"HI 571","Revolutionary China","3","Advised (general list)","Spring 2027","Yes","001","Lec","Open 5/5","TTh 10:15 AM-11:30 AM","110 Withers Hall","Duan, Xiaolin","01/11/27 - 04/27/27","",""
"HI 571","Revolutionary China","3","Advised (general list)","Summer I 2027","No","","","","","","","","",""
"HI 571","Revolutionary China","3","Advised (general list)","Summer II 2027","No","","","","","","","","",""
"HI 572","The Rise of Modern Japan, 1850-Present","3","Advised (general list)","Fall 2026","No","","","","","","","","",""
"HI 572","The Rise of Modern Japan, 1850-Present","3","Advised (general list)","Spring 2027","No","","","","","","","","",""
"HI 572","The Rise of Modern Japan, 1850-Present","3","Advised (general list)","Summer I 2027","No","","","","","","","","",""
"HI 572","The Rise of Modern Japan, 1850-Present","3","Advised (general list)","Summer II 2027","No","","","","","","","","",""
"HI 573","Japan's Empire in Asia, 1868-1945","3","Advised (general list)","Fall 2026","No","","","","","","","","",""
"HI 573","Japan's Empire in Asia, 1868-1945","3","Advised (general list)","Spring 2027","No","","","","","","","","",""
"HI 573","Japan's Empire in Asia, 1868-1945","3","Advised (general list)","Summer I 2027","No","","","","","","","","",""
"HI 573","Japan's Empire in Asia, 1868-1945","3","Advised (general list)","Summer II 2027","No","","","","","","","","",""
"HI 575","History of the Republic of South Africa","3","Humanities; History Unit; Advised (general list)","Fall 2026","No","","","","","","","","",""
"HI 575","History of the Republic of South Africa","3","Humanities; History Unit; Advised (general list)","Spring 2027","No","","","","","","","","",""
"HI 575","History of the Republic of South Africa","3","Humanities; History Unit; Advised (general list)","Summer I 2027","No","","","","","","","","",""
"HI 575","History of the Republic of South Africa","3","Humanities; History Unit; Advised (general list)","Summer II 2027","No","","","","","","","","",""
"HI 576","Leadership in Modern Africa","3","Humanities; History Unit; Advised (general list)","Fall 2026","No","","","","","","","","",""
"HI 576","Leadership in Modern Africa","3","Humanities; History Unit; Advised (general list)","Spring 2027","No","","","","","","","","",""
"HI 576","Leadership in Modern Africa","3","Humanities; History Unit; Advised (general list)","Summer I 2027","No","","","","","","","","",""
"HI 576","Leadership in Modern Africa","3","Humanities; History Unit; Advised (general list)","Summer II 2027","No","","","","","","","","",""
"HI 578","Islam and Christianity in Sub-Saharan Africa since the 19th Century","3","Advised (general list)","Fall 2026","No","","","","","","","","",""
"HI 578","Islam and Christianity in Sub-Saharan Africa since the 19th Century","3","Advised (general list)","Spring 2027","No","","","","","","","","",""
"HI 578","Islam and Christianity in Sub-Saharan Africa since the 19th Century","3","Advised (general list)","Summer I 2027","No","","","","","","","","",""
"HI 578","Islam and Christianity in Sub-Saharan Africa since the 19th Century","3","Advised (general list)","Summer II 2027","No","","","","","","","","",""
"HI 579","Africa (sub-Saharan) in the Twentieth Century","3","Humanities; History Unit; Advised (general list)","Fall 2026","No","","","","","","","","",""
"HI 579","Africa (sub-Saharan) in the Twentieth Century","3","Humanities; History Unit; Advised (general list)","Spring 2027","Yes","001","Lec","Open 5/5","TTh 3:00 PM-4:15 PM","110 Withers Hall","Carty, Ryan","01/11/27 - 04/27/27","",""
"HI 579","Africa (sub-Saharan) in the Twentieth Century","3","Humanities; History Unit; Advised (general list)","Summer I 2027","No","","","","","","","","",""
"HI 579","Africa (sub-Saharan) in the Twentieth Century","3","Humanities; History Unit; Advised (general list)","Summer II 2027","No","","","","","","","","",""
"HI 581","History of the Life Sciences","3","Advised (general list)","Fall 2026","No","","","","","","","","",""
"HI 581","History of the Life Sciences","3","Advised (general list)","Spring 2027","Yes","001","Lec","Open 5/5","TTh 10:15 AM-11:30 AM","G108 Caldwell Hall","Kimler, William C.","01/11/27 - 04/27/27","",""
"HI 581","History of the Life Sciences","3","Advised (general list)","Summer I 2027","No","","","","","","","","",""
"HI 581","History of the Life Sciences","3","Advised (general list)","Summer II 2027","No","","","","","","","","",""
"HI 582","Darwinism in Science and Society","3","Advised (general list)","Fall 2026","No","","","","","","","","",""
"HI 582","Darwinism in Science and Society","3","Advised (general list)","Spring 2027","No","","","","","","","","",""
"HI 582","Darwinism in Science and Society","3","Advised (general list)","Summer I 2027","No","","","","","","","","",""
"HI 582","Darwinism in Science and Society","3","Advised (general list)","Summer II 2027","No","","","","","","","","",""
"HI 583","Science and Religion in European History","3","Advised (general list)","Fall 2026","No","","","","","","","","",""
"HI 583","Science and Religion in European History","3","Advised (general list)","Spring 2027","No","","","","","","","","",""
"HI 583","Science and Religion in European History","3","Advised (general list)","Summer I 2027","No","","","","","","","","",""
"HI 583","Science and Religion in European History","3","Advised (general list)","Summer II 2027","No","","","","","","","","",""
"HI 584","Science in European Culture","3","Advised (general list)","Fall 2026","No","","","","","","","","",""
"HI 584","Science in European Culture","3","Advised (general list)","Spring 2027","No","","","","","","","","",""
"HI 584","Science in European Culture","3","Advised (general list)","Summer I 2027","No","","","","","","","","",""
"HI 584","Science in European Culture","3","Advised (general list)","Summer II 2027","No","","","","","","","","",""
"HI 585","History of American Technology","3","Advised (general list)","Fall 2026","Yes","001","Lec","Open 4/5","TTh 3:00 PM-4:15 PM","125 Withers Hall","Carty, Ryan","08/17/26 - 12/01/26","","Departmental Approval Required"
"HI 585","History of American Technology","3","Advised (general list)","Spring 2027","No","","","","","","","","",""
"HI 585","History of American Technology","3","Advised (general list)","Summer I 2027","No","","","","","","","","",""
"HI 585","History of American Technology","3","Advised (general list)","Summer II 2027","No","","","","","","","","",""
"HI 586","Science and Empire","3","Humanities; History Unit; Advised (general list)","Fall 2026","No","","","","","","","","",""
"HI 586","Science and Empire","3","Humanities; History Unit; Advised (general list)","Spring 2027","Yes","001","Lec","Open 5/5","MW 3:00 PM-4:15 PM","3214 Gardner Hall","Kim, Mi Gyung","01/11/27 - 04/27/27","",""
"HI 586","Science and Empire","3","Humanities; History Unit; Advised (general list)","Summer I 2027","No","","","","","","","","",""
"HI 586","Science and Empire","3","Humanities; History Unit; Advised (general list)","Summer II 2027","No","","","","","","","","",""
"HI 587","Cultural Resource Management","3","Advised (general list)","Fall 2026","No","","","","","","","","",""
"HI 587","Cultural Resource Management","3","Advised (general list)","Spring 2027","No","","","","","","","","",""
"HI 587","Cultural Resource Management","3","Advised (general list)","Summer I 2027","No","","","","","","","","",""
"HI 587","Cultural Resource Management","3","Advised (general list)","Summer II 2027","No","","","","","","","","",""
"HI 588","Family and Community History","3","Advised (general list)","Fall 2026","No","","","","","","","","",""
"HI 588","Family and Community History","3","Advised (general list)","Spring 2027","No","","","","","","","","",""
"HI 588","Family and Community History","3","Advised (general list)","Summer I 2027","No","","","","","","","","",""
"HI 588","Family and Community History","3","Advised (general list)","Summer II 2027","No","","","","","","","","",""
"HI 589","Interpretation in Historic Sites and Parks","3","Advised (general list)","Fall 2026","No","","","","","","","","",""
"HI 589","Interpretation in Historic Sites and Parks","3","Advised (general list)","Spring 2027","Yes","001","Lec","Open 12/12","W 3:00 PM-5:45 PM","117 Ricks Hall","Gordon, Tammrah S","01/11/27 - 04/27/27","",""
"HI 589","Interpretation in Historic Sites and Parks","3","Advised (general list)","Summer I 2027","No","","","","","","","","",""
"HI 589","Interpretation in Historic Sites and Parks","3","Advised (general list)","Summer II 2027","No","","","","","","","","",""
"HI 591","Museum Studies","3","History Unit; Advised (general list)","Fall 2026","Yes","001","Lec","Open 1/12","MW 11:45 AM-1:00 PM","17 Winston Hall","Thayer, Gwyneth Anne","08/17/26 - 12/01/26","","Only students in the History and Public History graduate pro"
"HI 591","Museum Studies","3","History Unit; Advised (general list)","Spring 2027","No","","","","","","","","",""
"HI 591","Museum Studies","3","History Unit; Advised (general list)","Summer I 2027","Yes","501","Lec","Open 20/20","TBD","","McGill, Dru Evan / McGill,Alicia Ebbitt","05/19/27 - 06/23/27 / Summer Five Week Session","","Restricted to: Study Abroad Students Only"
"HI 591","Museum Studies","3","History Unit; Advised (general list)","Summer II 2027","No","","","","","","","","",""
"HI 593","Material Culture","3","Advised (general list)","Fall 2026","No","","","","","","","","",""
"HI 593","Material Culture","3","Advised (general list)","Spring 2027","No","","","","","","","","",""
"HI 593","Material Culture","3","Advised (general list)","Summer I 2027","No","","","","","","","","",""
"HI 593","Material Culture","3","Advised (general list)","Summer II 2027","No","","","","","","","","",""
"HI 594","Cultural Heritage","3","Advised (general list)","Fall 2026","No","","","","","","","","",""
"HI 594","Cultural Heritage","3","Advised (general list)","Spring 2027","Yes","001","Lec","Open 12/12","Th 3:00 PM-5:45 PM","125 1911 Building","McGill, Alicia Ebbitt","01/11/27 - 04/27/27","",""
"HI 594","Cultural Heritage","3","Advised (general list)","Summer I 2027","No","","","","","","","","",""
"HI 594","Cultural Heritage","3","Advised (general list)","Summer II 2027","No","","","","","","","","",""
"HI 595","Special Topics in History","1-6","Advised (general list)","Fall 2026","No","","","","","","","","",""
"HI 595","Special Topics in History","1-6","Advised (general list)","Spring 2027","No","","","","","","","","",""
"HI 595","Special Topics in History","1-6","Advised (general list)","Summer I 2027","Yes","501","Lec","Open 20/20","TBD","","McGill, Dru Evan / McGill,Alicia Ebbitt","05/19/27 - 06/23/27 / Summer Five Week Session","Environmental History, Food Systems and Ecological","Restricted to: Study Abroad Students Only"
"HI 595","Special Topics in History","1-6","Advised (general list)","Summer II 2027","No","","","","","","","","",""
"HI 596","Introduction To Public History","3","Advised (general list)","Fall 2026","Yes","001","Lec","Closed 0/15","Th 1:30 PM-4:15 PM","246 Withers Hall","Frazier, Nishani","08/17/26 - 12/01/26","","Only students in the History and Public History graduate pro"
"HI 596","Introduction To Public History","3","Advised (general list)","Spring 2027","No","","","","","","","","",""
"HI 596","Introduction To Public History","3","Advised (general list)","Summer I 2027","No","","","","","","","","",""
"HI 596","Introduction To Public History","3","Advised (general list)","Summer II 2027","No","","","","","","","","",""
"HI 597","Historiography and Historical Method","3","Advised (general list)","Fall 2026","Yes","001","Lec","Open 1/12","M 6:00 PM-8:45 PM","246 Withers Hall","Sirota, Brent S","08/17/26 - 12/01/26","","Only students in the History and Public History graduate pro"
"HI 597","Historiography and Historical Method","3","Advised (general list)","Fall 2026","Yes","002","Lec","Open 3/12","T 3:00 PM-5:45 PM","100 111 Lampe Drive","Ginestet, Esther Margot","08/17/26 - 12/01/26","","Only students in the History and Public History graduate pro"
"HI 597","Historiography and Historical Method","3","Advised (general list)","Spring 2027","No","","","","","","","","",""
"HI 597","Historiography and Historical Method","3","Advised (general list)","Summer I 2027","No","","","","","","","","",""
"HI 597","Historiography and Historical Method","3","Advised (general list)","Summer II 2027","No","","","","","","","","",""
"HI 598","Historical Writing","3","Advised (general list)","Fall 2026","No","","","","","","","","",""
"HI 598","Historical Writing","3","Advised (general list)","Spring 2027","Yes","001","Lec","Open 12/12","T 3:00 PM-5:45 PM","246 Withers Hall","Rudolph, Julia E","01/11/27 - 04/27/27","","Only students in the History and Public History graduate pro"
"HI 598","Historical Writing","3","Advised (general list)","Spring 2027","Yes","002","Lec","Open 12/12","W 3:00 PM-5:45 PM","246 Withers Hall","Charron, Kat","01/11/27 - 04/27/27","",""
"HI 598","Historical Writing","3","Advised (general list)","Summer I 2027","No","","","","","","","","",""
"HI 598","Historical Writing","3","Advised (general list)","Summer II 2027","No","","","","","","","","",""
"HI 599","Independent Study","1-3","Advised (general list)","Fall 2026","Yes","001","Ind","Open 8/10","TBD","","Staff","08/17/26 - 12/01/26","","Instructor Approval Required"
"HI 599","Independent Study","1-3","Advised (general list)","Spring 2027","Yes","001","Ind","Open 10/10","TBD","","Staff","01/11/27 - 04/27/27","","Instructor Approval Required"
"HI 599","Independent Study","1-3","Advised (general list)","Summer I 2027","Yes","502","Ind","Open 15/15","TBD","","Paulette, Tate Sewell","05/19/27 - 07/30/27 / Summer Ten Week Session","","Restricted to: Study Abroad Students Only"
"HI 599","Independent Study","1-3","Advised (general list)","Summer II 2027","Yes","001","Ind","Open 5/5","TBD","","Ambaras, David R","06/28/27 - 07/30/27 / Summer Five Week Session","","Instructor Approval Required"
"ID 240","Human-Centered Design","3","Theory Unit; Advised (general list)","Fall 2026","No","","","","","","","","",""
"ID 240","Human-Centered Design","3","Theory Unit; Advised (general list)","Spring 2027","Yes","001","Lec","Open 33/33","MW 10:15 AM-11:30 AM","318 Brooks Hall","Umstead, Kelly Ann","01/11/27 - 04/27/27","",""
"ID 240","Human-Centered Design","3","Theory Unit; Advised (general list)","Summer I 2027","No","","","","","","","","",""
"ID 240","Human-Centered Design","3","Theory Unit; Advised (general list)","Summer II 2027","No","","","","","","","","",""
"ID 244","History of Industrial Design","3","Design History; History Unit","Fall 2026","Yes","001","Lec","Open 13/50","TTh 8:30 AM-9:45 AM","318 Brooks Hall","Kowalski, Alison","08/17/26 - 12/01/26","","Departmental Approval Required"
"ID 244","History of Industrial Design","3","Design History; History Unit","Spring 2027","No","","","","","","","","",""
"ID 244","History of Industrial Design","3","Design History; History Unit","Summer I 2027","No","","","","","","","","",""
"ID 244","History of Industrial Design","3","Design History; History Unit","Summer II 2027","No","","","","","","","","",""
"ID 245","Virtuosos of Modern Design","3.0","Design History","Fall 2026","No","","","","","","","","",""
"ID 245","Virtuosos of Modern Design","3.0","Design History","Spring 2027","No","","","","","","","","",""
"ID 245","Virtuosos of Modern Design","3.0","Design History","Summer I 2027","No","","","","","","","","",""
"ID 245","Virtuosos of Modern Design","3.0","Design History","Summer II 2027","No","","","","","","","","",""
"ID 262","Professional Practice in Industrial Design","3","Theory Unit","Fall 2026","No","","","","","","","","",""
"ID 262","Professional Practice in Industrial Design","3","Theory Unit","Spring 2027","No","","","","","","","","",""
"ID 262","Professional Practice in Industrial Design","3","Theory Unit","Summer I 2027","No","","","","","","","","",""
"ID 262","Professional Practice in Industrial Design","3","Theory Unit","Summer II 2027","No","","","","","","","","",""
"ID 492","Special Topics in Industrial Design","1-3","Application Unit; History Unit; Advised (general list)","Fall 2026","Yes","002","Lec","Open 8/15","MW 10:40 AM-12:30 PM","202 Brooks Hall","Buie, Tim","08/17/26 - 12/01/26","Digital Soft Goods","College of Design Juniors, Sen Departmental Approval Require"
"ID 492","Special Topics in Industrial Design","1-3","Application Unit; History Unit; Advised (general list)","Spring 2027","Yes","002","Lec","Open 8/8","F 9:35 AM-12:20 PM","G40 Kamphoefner Hall","Kim, Steve","01/11/27 - 04/27/27","Design Thinking for Social Good, IBM","College of Design Juniors, Sen"
"ID 492","Special Topics in Industrial Design","1-3","Application Unit; History Unit; Advised (general list)","Summer I 2027","No","","","","","","","","",""
"ID 492","Special Topics in Industrial Design","1-3","Application Unit; History Unit; Advised (general list)","Summer II 2027","No","","","","","","","","",""
"LAR 444","History of Landscape Architecture","3","Design History; History Unit; Advised (general list)","Fall 2026","No","","","","","","","","",""
"LAR 444","History of Landscape Architecture","3","Design History; History Unit; Advised (general list)","Spring 2027","No","","","","","","","","",""
"LAR 444","History of Landscape Architecture","3","Design History; History Unit; Advised (general list)","Summer I 2027","No","","","","","","","","",""
"LAR 444","History of Landscape Architecture","3","Design History; History Unit; Advised (general list)","Summer II 2027","No","","","","","","","","",""
"LAR 445","Sustainable Design and Development","3","Theory Unit","Fall 2026","No","","","","","","","","",""
"LAR 445","Sustainable Design and Development","3","Theory Unit","Spring 2027","Yes","601","Sem","Open 30/30","TBD","Distance Education - Online","Calkins, Meg","01/11/27 - 04/27/27","",""
"LAR 445","Sustainable Design and Development","3","Theory Unit","Summer I 2027","No","","","","","","","","",""
"LAR 445","Sustainable Design and Development","3","Theory Unit","Summer II 2027","No","","","","","","","","",""
"LAR 514","Landscape Architecture Digital Design Media 2","3","Theory Unit","Fall 2026","Yes","001","Lec","Open 3/24","M 9:35 AM-12:20 PM","203C Brooks Hall","Monette, Benjamin","08/17/26 - 12/01/26","","Junior level or higher or BARCH 5th-year students Department"
"LAR 514","Landscape Architecture Digital Design Media 2","3","Theory Unit","Spring 2027","No","","","","","","","","",""
"LAR 514","Landscape Architecture Digital Design Media 2","3","Theory Unit","Summer I 2027","No","","","","","","","","",""
"LAR 514","Landscape Architecture Digital Design Media 2","3","Theory Unit","Summer II 2027","No","","","","","","","","",""
"LAR 535","Environmental Social Equity and Design","3","Theory Unit","Fall 2026","No","","","","","","","","",""
"LAR 535","Environmental Social Equity and Design","3","Theory Unit","Spring 2027","Yes","001","Lec","Open 30/30","W 9:35 AM-12:20 PM","300 Brooks Hall","Boone, Kofi Malik","01/11/27 - 04/27/27","","Graduate Standing or LAR Minors"
"LAR 535","Environmental Social Equity and Design","3","Theory Unit","Summer I 2027","No","","","","","","","","",""
"LAR 535","Environmental Social Equity and Design","3","Theory Unit","Summer II 2027","No","","","","","","","","",""
"LAR 540","Research Methods in Landscape Architecture and Environmental Planning","3","Theory Unit","Fall 2026","No","","","","","","","","",""
"LAR 540","Research Methods in Landscape Architecture and Environmental Planning","3","Theory Unit","Spring 2027","Yes","001","Lec","Open 30/30","T 1:30 PM-4:15 PM","318 Brooks Hall","Pasalar, Celen","01/11/27 - 04/27/27","","Seniors or above or LAR Minors"
"LAR 540","Research Methods in Landscape Architecture and Environmental Planning","3","Theory Unit","Summer I 2027","No","","","","","","","","",""
"LAR 540","Research Methods in Landscape Architecture and Environmental Planning","3","Theory Unit","Summer II 2027","No","","","","","","","","",""
"LAR 542","Human Use of the Urban Landscape","3","Advised (general list)","Fall 2026","No","","","","","","","","",""
"LAR 542","Human Use of the Urban Landscape","3","Advised (general list)","Spring 2027","No","","","","","","","","",""
"LAR 542","Human Use of the Urban Landscape","3","Advised (general list)","Summer I 2027","No","","","","","","","","",""
"LAR 542","Human Use of the Urban Landscape","3","Advised (general list)","Summer II 2027","No","","","","","","","","",""
"LAR 543","Landscape Performance and Metrics","3","Theory Unit","Fall 2026","Yes","001","Lec","Open 13/24","Th 9:35 AM-12:20 PM","310 Leazar Hall","McCoy, Emily","08/17/26 - 12/01/26","","Seniors or above or LAR Minors Departmental Approval Require"
"LAR 543","Landscape Performance and Metrics","3","Theory Unit","Spring 2027","No","","","","","","","","",""
"LAR 543","Landscape Performance and Metrics","3","Theory Unit","Summer I 2027","No","","","","","","","","",""
"LAR 543","Landscape Performance and Metrics","3","Theory Unit","Summer II 2027","No","","","","","","","","",""
"LAR 545","City Planning and Design - Building Great Communities","3","Theory Unit","Fall 2026","No","","","","","","","","",""
"LAR 545","City Planning and Design - Building Great Communities","3","Theory Unit","Spring 2027","No","","","","","","","","",""
"LAR 545","City Planning and Design - Building Great Communities","3","Theory Unit","Summer I 2027","No","","","","","","","","",""
"LAR 545","City Planning and Design - Building Great Communities","3","Theory Unit","Summer II 2027","No","","","","","","","","",""
"LAR 554","Disaster Resilient Policy, Engineering and Design","3","Theory Unit","Fall 2026","No","","","","","","","","",""
"LAR 554","Disaster Resilient Policy, Engineering and Design","3","Theory Unit","Spring 2027","Yes","001","Lec","Open 24/24","Th 6:00 PM-8:45 PM","123 111 Lampe Drive","Smith, Gavin Paul","01/11/27 - 04/27/27","","Junior standing or above"
"LAR 554","Disaster Resilient Policy, Engineering and Design","3","Theory Unit","Summer I 2027","No","","","","","","","","",""
"LAR 554","Disaster Resilient Policy, Engineering and Design","3","Theory Unit","Summer II 2027","No","","","","","","","","",""
"LAR 582","Special Topics In Landscape Architecture","1-6","Theory Unit","Fall 2026","Yes","004","Lec","Open 3/25","W 9:35 AM-12:20 PM","316 Leazar Hall","Yi, Dong-Jae","08/17/26 - 12/01/26","Walking and Drawing","Junior level or higher or BARCH 5th-year students Department"
"LAR 582","Special Topics In Landscape Architecture","1-6","Theory Unit","Fall 2026","Yes","008","Lec","Open 2/27","T 3:00 PM-5:45 PM","101 111 Lampe Drive","Bellalta, Maria De La Gracia / Montague,Preston","08/17/26 - 12/01/26","Plants, Bioregionalism, and Ecological Design 1","Masters standing in Landscape Architecture Departmental Appr"
"LAR 582","Special Topics In Landscape Architecture","1-6","Theory Unit","Fall 2026","Yes","009","Lec","Open 2/11","M 6:00 PM-8:45 PM","1650 Partners I","Walters, Adam Russell / Aukhil,Imran Uddin","08/17/26 - 12/01/26","Real Estate Development","Junior or Higher or LAR minor Departmental Approval Required"
"LAR 582","Special Topics In Landscape Architecture","1-6","Theory Unit","Fall 2026","Yes","602","Lec","Open 7/25","T 1:30 PM-4:15 PM","Distance Education - Online","Pasalar, Celen","08/17/26 - 12/01/26","Smart and Healthy Cities","Junior level or higher or BARCH 5th-year students Department"
"LAR 582","Special Topics In Landscape Architecture","1-6","Theory Unit","Fall 2026","Yes","603","Lec","Open 8/25","Th 3:00 PM-5:45 PM","Distance Education - Online","Bowman, Austin / Harrell,Andrew","08/17/26 - 12/01/26","Computational / Parametric Modeling using Rhino +","Junior level or higher or BARCH 5th-year students Department"
"LAR 582","Special Topics In Landscape Architecture","1-6","Theory Unit","Spring 2027","Yes","001","Lec","Open 30/30","Th 3:00 PM-5:45 PM","310 Leazar Hall","Staff","01/11/27 - 04/27/27","Plants, Bioregionalism, and Ecological Design 2","Masters standing in Landscape Architecture"
"LAR 582","Special Topics In Landscape Architecture","1-6","Theory Unit","Spring 2027","Yes","002","Lec","Open 18/18","Th 9:35 AM-11:25 AM","G40 Kamphoefner Hall","Staff","01/11/27 - 04/27/27","Hist of Landsc Arch","Seniors or above or LAR Minors"
"LAR 582","Special Topics In Landscape Architecture","1-6","Theory Unit","Spring 2027","Yes","004","Lec","Open 22/22","W 9:35 AM-12:20 PM","203C Brooks Hall","Yi, Dong-Jae","01/11/27 - 04/27/27","AutoCAD","Prerequisite: LAR 514"
"LAR 582","Special Topics In Landscape Architecture","1-6","Theory Unit","Spring 2027","Yes","005","Lec","Open 35/35","T 9:35 AM-11:25 AM","101 111 Lampe Drive","Smith, Gavin Paul","01/11/27 - 04/27/27","","Junior standing or above"
"LAR 582","Special Topics In Landscape Architecture","1-6","Theory Unit","Spring 2027","Yes","009","Lec","Open 30/30","TTh 10:15 AM-11:30 AM","114 Winston Hall","Walters, Adam Russell / Aukhil,Imran Uddin / Brewer,Sarah","01/11/27 - 04/27/27","Principles of Real Estate","LAR Masters or LAR Minors"
"LAR 582","Special Topics In Landscape Architecture","1-6","Theory Unit","Spring 2027","Yes","021","Lec","Open 30/30","M 6:00 PM-8:45 PM","318 Brooks Hall","Walters, Adam Russell / Brewer,Sarah","01/11/27 - 04/27/27","Urban Plan Practicum","LAR Masters or LAR Minors"
"LAR 582","Special Topics In Landscape Architecture","1-6","Theory Unit","Spring 2027","Yes","022","Lec","Open 30/30","TTh 11:45 AM-1:00 PM","114 Winston Hall","Aukhil, Imran Uddin / Brewer,Sarah","01/11/27 - 04/27/27","How Cities are Built: Fundamentals of Urbanism & E","Junior level or higher or BARCH 5th-year students"
"LAR 582","Special Topics In Landscape Architecture","1-6","Theory Unit","Summer I 2027","No","","","","","","","","",""
"LAR 582","Special Topics In Landscape Architecture","1-6","Theory Unit","Summer II 2027","No","","","","","","","","",""
"REL 320","Religion in American History","3","Humanities; History Unit; Advised (general list)","Fall 2026","No","","","","","","","","",""
"REL 320","Religion in American History","3","Humanities; History Unit; Advised (general list)","Spring 2027","No","","","","","","","","",""
"REL 320","Religion in American History","3","Humanities; History Unit; Advised (general list)","Summer I 2027","No","","","","","","","","",""
"REL 320","Religion in American History","3","Humanities; History Unit; Advised (general list)","Summer II 2027","No","","","","","","","","",""
"REL 402","Early Christianity to the Time of Eusebius","3","Advised (general list)","Fall 2026","No","","","","","","","","",""
"REL 402","Early Christianity to the Time of Eusebius","3","Advised (general list)","Spring 2027","No","","","","","","","","",""
"REL 402","Early Christianity to the Time of Eusebius","3","Advised (general list)","Summer I 2027","No","","","","","","","","",""
"REL 402","Early Christianity to the Time of Eusebius","3","Advised (general list)","Summer II 2027","No","","","","","","","","",""
"REL 407","Islamic History to 1798","3","Humanities; History Unit; Advised (general list)","Fall 2026","No","","","","","","","","",""
"REL 407","Islamic History to 1798","3","Humanities; History Unit; Advised (general list)","Spring 2027","No","","","","","","","","",""
"REL 407","Islamic History to 1798","3","Humanities; History Unit; Advised (general list)","Summer I 2027","No","","","","","","","","",""
"REL 407","Islamic History to 1798","3","Humanities; History Unit; Advised (general list)","Summer II 2027","No","","","","","","","","",""
"REL 408","Islam in the Modern World","3","Humanities; History Unit; Advised (general list)","Fall 2026","No","","","","","","","","",""
"REL 408","Islam in the Modern World","3","Humanities; History Unit; Advised (general list)","Spring 2027","No","","","","","","","","",""
"REL 408","Islam in the Modern World","3","Humanities; History Unit; Advised (general list)","Summer I 2027","No","","","","","","","","",""
"REL 408","Islam in the Modern World","3","Humanities; History Unit; Advised (general list)","Summer II 2027","No","","","","","","","","",""
"REL 502","Early Christianity to the Time of Eusebius","3","Advised (general list)","Fall 2026","No","","","","","","","","",""
"REL 502","Early Christianity to the Time of Eusebius","3","Advised (general list)","Spring 2027","No","","","","","","","","",""
"REL 502","Early Christianity to the Time of Eusebius","3","Advised (general list)","Summer I 2027","No","","","","","","","","",""
"REL 502","Early Christianity to the Time of Eusebius","3","Advised (general list)","Summer II 2027","No","","","","","","","","",""
"REL 507","Islamic History to 1798","3","Advised (general list)","Fall 2026","No","","","","","","","","",""
"REL 507","Islamic History to 1798","3","Advised (general list)","Spring 2027","No","","","","","","","","",""
"REL 507","Islamic History to 1798","3","Advised (general list)","Summer I 2027","No","","","","","","","","",""
"REL 507","Islamic History to 1798","3","Advised (general list)","Summer II 2027","No","","","","","","","","",""
"REL 508","Islam in the Modern World","3","Advised (general list)","Fall 2026","No","","","","","","","","",""
"REL 508","Islam in the Modern World","3","Advised (general list)","Spring 2027","No","","","","","","","","",""
"REL 508","Islam in the Modern World","3","Advised (general list)","Summer I 2027","No","","","","","","","","",""
"REL 508","Islam in the Modern World","3","Advised (general list)","Summer II 2027","No","","","","","","","","",""
"WGS 447","Women in America to 1890","3","Humanities; History Unit; Advised (general list)","Fall 2026","No","","","","","","","","",""
"WGS 447","Women in America to 1890","3","Humanities; History Unit; Advised (general list)","Spring 2027","No","","","","","","","","",""
"WGS 447","Women in America to 1890","3","Humanities; History Unit; Advised (general list)","Summer I 2027","No","","","","","","","","",""
"WGS 447","Women in America to 1890","3","Humanities; History Unit; Advised (general list)","Summer II 2027","No","","","","","","","","",""
"WGS 448","American Women in the Twentieth Century","3","Humanities; History Unit; Advised (general list)","Fall 2026","No","","","","","","","","",""
"WGS 448","American Women in the Twentieth Century","3","Humanities; History Unit; Advised (general list)","Spring 2027","No","","","","","","","","",""
"WGS 448","American Women in the Twentieth Century","3","Humanities; History Unit; Advised (general list)","Summer I 2027","No","","","","","","","","",""
"WGS 448","American Women in the Twentieth Century","3","Humanities; History Unit; Advised (general list)","Summer II 2027","No","","","","","","","","",""
"WGS 547","Women in America to 1890","3","Humanities; History Unit; Advised (general list)","Fall 2026","No","","","","","","","","",""
"WGS 547","Women in America to 1890","3","Humanities; History Unit; Advised (general list)","Spring 2027","No","","","","","","","","",""
"WGS 547","Women in America to 1890","3","Humanities; History Unit; Advised (general list)","Summer I 2027","No","","","","","","","","",""
"WGS 547","Women in America to 1890","3","Humanities; History Unit; Advised (general list)","Summer II 2027","No","","","","","","","","",""
"WGS 548","American Women in the Twentieth Century","3","Humanities; History Unit; Advised (general list)","Fall 2026","No","","","","","","","","",""
"WGS 548","American Women in the Twentieth Century","3","Humanities; History Unit; Advised (general list)","Spring 2027","No","","","","","","","","",""
"WGS 548","American Women in the Twentieth Century","3","Humanities; History Unit; Advised (general list)","Summer I 2027","No","","","","","","","","",""
"WGS 548","American Women in the Twentieth Century","3","Humanities; History Unit; Advised (general list)","Summer II 2027","No","","","","","","","","",""
"WLAR 201","Intermediate Arabic I","3","World Language","Fall 2026","Yes","001","Lec","Open 6/18","MWF 11:45 AM-12:35 PM","110 Withers Hall","Messiha, Inas Tawfik","08/17/26 - 12/01/26","","Departmental Approval Required"
"WLAR 201","Intermediate Arabic I","3","World Language","Fall 2026","Yes","002","Lec","Open 8/15","MWF 1:55 PM-2:45 PM","110 Withers Hall","Messiha, Inas Tawfik","08/17/26 - 12/01/26","","Departmental Approval Required"
"WLAR 201","Intermediate Arabic I","3","World Language","Spring 2027","No","","","","","","","","",""
"WLAR 201","Intermediate Arabic I","3","World Language","Summer I 2027","No","","","","","","","","",""
"WLAR 201","Intermediate Arabic I","3","World Language","Summer II 2027","No","","","","","","","","",""
"WLAR 202","Intermediate Arabic II","3","World Language","Fall 2026","No","","","","","","","","",""
"WLAR 202","Intermediate Arabic II","3","World Language","Spring 2027","Yes","001","Lec","Open 20/20","MW 1:30 PM-2:45 PM","G110 Caldwell Hall","Saylor, Elizabeth C","01/11/27 - 04/27/27","",""
"WLAR 202","Intermediate Arabic II","3","World Language","Summer I 2027","No","","","","","","","","",""
"WLAR 202","Intermediate Arabic II","3","World Language","Summer II 2027","No","","","","","","","","",""
"WLAR 203","Intermediate Arabic Conversation I","1","World Language","Fall 2026","Yes","001","Rec","Open 6/18","Th 3:00 PM-3:50 PM","110 Withers Hall","Saylor, Elizabeth C","08/17/26 - 12/01/26","","Departmental Approval Required"
"WLAR 203","Intermediate Arabic Conversation I","1","World Language","Spring 2027","No","","","","","","","","",""
"WLAR 203","Intermediate Arabic Conversation I","1","World Language","Summer I 2027","No","","","","","","","","",""
"WLAR 203","Intermediate Arabic Conversation I","1","World Language","Summer II 2027","No","","","","","","","","",""
"WLAR 204","Intermediate Arabic Conversation II","1","World Language","Fall 2026","No","","","","","","","","",""
"WLAR 204","Intermediate Arabic Conversation II","1","World Language","Spring 2027","No","","","","","","","","",""
"WLAR 204","Intermediate Arabic Conversation II","1","World Language","Summer I 2027","No","","","","","","","","",""
"WLAR 204","Intermediate Arabic Conversation II","1","World Language","Summer II 2027","No","","","","","","","","",""
"WLAR 301","Advanced Intermediate Arabic I","3","World Language","Fall 2026","No","","","","","","","","",""
"WLAR 301","Advanced Intermediate Arabic I","3","World Language","Spring 2027","No","","","","","","","","",""
"WLAR 301","Advanced Intermediate Arabic I","3","World Language","Summer I 2027","No","","","","","","","","",""
"WLAR 301","Advanced Intermediate Arabic I","3","World Language","Summer II 2027","No","","","","","","","","",""
"WLAR 318","Egyptian Culture through Film","3","World Language","Fall 2026","No","","","","","","","","",""
"WLAR 318","Egyptian Culture through Film","3","World Language","Spring 2027","Yes","001","Lec","Open 36/36","MW 8:30 AM-9:45 AM","150 Withers Hall","Messiha, Inas Tawfik","01/11/27 - 04/27/27","",""
"WLAR 318","Egyptian Culture through Film","3","World Language","Spring 2027","Yes","002","Lec","Open 36/36","MW 1:30 PM-2:45 PM","150 Withers Hall","Messiha, Inas Tawfik","01/11/27 - 04/27/27","",""
"WLAR 318","Egyptian Culture through Film","3","World Language","Summer I 2027","No","","","","","","","","",""
"WLAR 318","Egyptian Culture through Film","3","World Language","Summer II 2027","No","","","","","","","","",""
"WLAR 330","Media Arabic","3","World Language","Fall 2026","No","","","","","","","","",""
"WLAR 330","Media Arabic","3","World Language","Spring 2027","Yes","001","Lec","Open 20/20","TTh 10:15 AM-11:30 AM","131 Withers Hall","Khater, Jodi Stewart","01/11/27 - 04/27/27","",""
"WLAR 330","Media Arabic","3","World Language","Summer I 2027","No","","","","","","","","",""
"WLAR 330","Media Arabic","3","World Language","Summer II 2027","No","","","","","","","","",""
"WLAR 351","Modern Arab Popular Culture","3","World Language","Fall 2026","Yes","001","Lec","Open 4/27","MW 4:30 PM-5:45 PM","110 Withers Hall","Saylor, Elizabeth C","08/17/26 - 12/01/26","","Departmental Approval Required"
"WLAR 351","Modern Arab Popular Culture","3","World Language","Spring 2027","Yes","001","Lec","Open 25/25","MW 4:30 PM-5:45 PM","110 Withers Hall","Saylor, Elizabeth C","01/11/27 - 04/27/27","",""
"WLAR 351","Modern Arab Popular Culture","3","World Language","Summer I 2027","No","","","","","","","","",""
"WLAR 351","Modern Arab Popular Culture","3","World Language","Summer II 2027","No","","","","","","","","",""
"WLAR 440","Modern Arabic Short Story","3","World Language","Fall 2026","Yes","001","Lec","Open 1/3","MW 11:45 AM-1:00 PM","113 Ricks Hall","Di Cassio, Tara Lauren","08/17/26 - 12/01/26","","Departmental Approval Required"
"WLAR 440","Modern Arabic Short Story","3","World Language","Spring 2027","No","","","","","","","","",""
"WLAR 440","Modern Arabic Short Story","3","World Language","Summer I 2027","No","","","","","","","","",""
"WLAR 440","Modern Arabic Short Story","3","World Language","Summer II 2027","No","","","","","","","","",""
"WLCH 201","Intermediate Chinese I","3","World Language","Fall 2026","Yes","301","Lec","Closed 0/12","MW 11:45 AM-12:35 PM TBD","125 1911 Building / Hybrid - Online and In-Person","Chen, Ying-Ju / Chen,Ying-Ju","08/17/26 - 12/01/26","","Departmental Approval Required"
"WLCH 201","Intermediate Chinese I","3","World Language","Fall 2026","Yes","302","Lec","Open 8/12","MW 1:55 PM-2:45 PM TBD","117 Ricks Hall / Hybrid - Online and In-Person","Isaacson, Nathaniel Kenneth / Isaacson,Nathaniel Kenneth","08/17/26 - 12/01/26","","Departmental Approval Required"
"WLCH 201","Intermediate Chinese I","3","World Language","Spring 2027","No","","","","","","","","",""
"WLCH 201","Intermediate Chinese I","3","World Language","Summer I 2027","No","","","","","","","","",""
"WLCH 201","Intermediate Chinese I","3","World Language","Summer II 2027","No","","","","","","","","",""
"WLCH 202","Intermediate Chinese II","3","World Language","Fall 2026","No","","","","","","","","",""
"WLCH 202","Intermediate Chinese II","3","World Language","Spring 2027","Yes","001","Lec","Open 15/15","TTh 10:15 AM-11:30 AM","4270 Talley Student Union","Chen, Ying-Ju","01/11/27 - 04/27/27","",""
"WLCH 202","Intermediate Chinese II","3","World Language","Spring 2027","Yes","002","Lec","Open 15/15","TTh 11:45 AM-1:00 PM","4270 Talley Student Union","Chen, Ying-Ju","01/11/27 - 04/27/27","",""
"WLCH 202","Intermediate Chinese II","3","World Language","Spring 2027","Yes","003","Lec","Open 15/15","TTh 1:30 PM-2:45 PM","4270 Talley Student Union","Chen, Ying-Ju","01/11/27 - 04/27/27","",""
"WLCH 202","Intermediate Chinese II","3","World Language","Summer I 2027","No","","","","","","","","",""
"WLCH 202","Intermediate Chinese II","3","World Language","Summer II 2027","No","","","","","","","","",""
"WLCH 203","Intermediate Chinese I Conversation","1","World Language","Fall 2026","Yes","002","Rec","Closed 0/10","Th 11:45 AM-12:35 PM","125 1911 Building","Emerson, Audrey Chen","08/17/26 - 12/01/26","","Departmental Approval Required"
"WLCH 203","Intermediate Chinese I Conversation","1","World Language","Fall 2026","Yes","003","Rec","Open 8/14","Th 3:00 PM-3:50 PM","125 1911 Building","Isaacson, Nathaniel Kenneth","08/17/26 - 12/01/26","","Departmental Approval Required"
"WLCH 203","Intermediate Chinese I Conversation","1","World Language","Spring 2027","No","","","","","","","","",""
"WLCH 203","Intermediate Chinese I Conversation","1","World Language","Summer I 2027","No","","","","","","","","",""
"WLCH 203","Intermediate Chinese I Conversation","1","World Language","Summer II 2027","No","","","","","","","","",""
"WLCH 204","Intermediate Chinese II Conversation","1","World Language","Fall 2026","No","","","","","","","","",""
"WLCH 204","Intermediate Chinese II Conversation","1","World Language","Spring 2027","Yes","001","Rec","Open 20/20","F 10:40 AM-11:30 AM","145 Withers Hall","Isaacson, Nathaniel Kenneth","01/11/27 - 04/27/27","",""
"WLCH 204","Intermediate Chinese II Conversation","1","World Language","Summer I 2027","No","","","","","","","","",""
"WLCH 204","Intermediate Chinese II Conversation","1","World Language","Summer II 2027","No","","","","","","","","",""
"WLCH 301","Intermediate Chinese III","3","World Language","Fall 2026","Yes","001","Lec","Open 8/12","MW 10:15 AM-11:30 AM","117 Ricks Hall","Zhai, Runlei","08/17/26 - 12/01/26","","Departmental Approval Required"
"WLCH 301","Intermediate Chinese III","3","World Language","Fall 2026","Yes","002","Lec","Open 4/12","MW 11:45 AM-1:00 PM","117 Ricks Hall","Zhai, Runlei","08/17/26 - 12/01/26","","Departmental Approval Required"
"WLCH 301","Intermediate Chinese III","3","World Language","Fall 2026","Yes","003","Lec","Open 4/12","MW 3:00 PM-4:15 PM","202 Quad Commons","Zhai, Runlei","08/17/26 - 12/01/26","","Departmental Approval Required"
"WLCH 301","Intermediate Chinese III","3","World Language","Spring 2027","No","","","","","","","","",""
"WLCH 301","Intermediate Chinese III","3","World Language","Summer I 2027","No","","","","","","","","",""
"WLCH 301","Intermediate Chinese III","3","World Language","Summer II 2027","No","","","","","","","","",""
"WLCH 302","Intermediate Chinese IV","3","World Language","Fall 2026","No","","","","","","","","",""
"WLCH 302","Intermediate Chinese IV","3","World Language","Spring 2027","Yes","001","Lec","Open 15/15","MW 10:15 AM-11:30 AM","202 Quad Commons","Zhai, Runlei","01/11/27 - 04/27/27","",""
"WLCH 302","Intermediate Chinese IV","3","World Language","Spring 2027","Yes","002","Lec","Open 15/15","MW 11:45 AM-1:00 PM","202 Quad Commons","Zhai, Runlei","01/11/27 - 04/27/27","",""
"WLCH 302","Intermediate Chinese IV","3","World Language","Summer I 2027","No","","","","","","","","",""
"WLCH 302","Intermediate Chinese IV","3","World Language","Summer II 2027","No","","","","","","","","",""
"WLCH 351","Modern Chinese Popular Culture","3","World Language","Fall 2026","Yes","001","Lec","Closed 0/30","TTh 4:30 PM-5:45 PM","160 Withers Hall","Wang, Xiaojiao","08/17/26 - 12/01/26","","Departmental Approval Required"
"WLCH 351","Modern Chinese Popular Culture","3","World Language","Spring 2027","Yes","001","Lec","Open 30/30","TTh 3:00 PM-4:15 PM","160 Withers Hall","Wang, Xiaojiao","01/11/27 - 04/27/27","",""
"WLCH 351","Modern Chinese Popular Culture","3","World Language","Summer I 2027","No","","","","","","","","",""
"WLCH 351","Modern Chinese Popular Culture","3","World Language","Summer II 2027","No","","","","","","","","",""
"WLCH 401","Advanced Chinese: Readings in Literature and Social Sciences","3","World Language","Fall 2026","Yes","001","Lec","Open 6/15","MW 10:15 AM-11:30 AM","2 Ricks Hall","Chen, Ying-Ju","08/17/26 - 12/01/26","","Departmental Approval Required"
"WLCH 401","Advanced Chinese: Readings in Literature and Social Sciences","3","World Language","Spring 2027","No","","","","","","","","",""
"WLCH 401","Advanced Chinese: Readings in Literature and Social Sciences","3","World Language","Summer I 2027","No","","","","","","","","",""
"WLCH 401","Advanced Chinese: Readings in Literature and Social Sciences","3","World Language","Summer II 2027","No","","","","","","","","",""
"WLCH 402","Advanced Chinese: Readings in Literature and Science","3","World Language","Fall 2026","No","","","","","","","","",""
"WLCH 402","Advanced Chinese: Readings in Literature and Science","3","World Language","Spring 2027","Yes","001","Lec","Open 15/15","MW 1:30 PM-2:45 PM","202 Quad Commons","Zhai, Runlei","01/11/27 - 04/27/27","",""
"WLCH 402","Advanced Chinese: Readings in Literature and Science","3","World Language","Summer I 2027","No","","","","","","","","",""
"WLCH 402","Advanced Chinese: Readings in Literature and Science","3","World Language","Summer II 2027","No","","","","","","","","",""
"WLFR 201","Intermediate French I","3","World Language","Fall 2026","Yes","001","Lec","Open 11/18","MWF 9:35 AM-10:25 AM","202 Quad Commons","Acton Yanez, Amelie Gabrielle Cristina","08/17/26 - 12/01/26","","Departmental Approval Required"
"WLFR 201","Intermediate French I","3","World Language","Fall 2026","Yes","002","Lec","Open 2/18","MWF 10:40 AM-11:30 AM","1418 Gardner Hall","Kozhanova, Tatiana O","08/17/26 - 12/01/26","","Departmental Approval Required"
"WLFR 201","Intermediate French I","3","World Language","Fall 2026","Yes","003","Lec","Open 2/18","MWF 11:45 AM-12:35 PM","1418 Gardner Hall","Kozhanova, Tatiana O","08/17/26 - 12/01/26","","Departmental Approval Required"
"WLFR 201","Intermediate French I","3","World Language","Fall 2026","Yes","004","Lec","Open 2/18","TTh 11:45 AM-1:00 PM","2006 Biltmore Hall","Said Soilihi, Biheri","08/17/26 - 12/01/26","","Departmental Approval Required"
"WLFR 201","Intermediate French I","3","World Language","Spring 2027","Yes","002","Lec","Open 18/18","MWF 9:35 AM-10:25 AM","1220 SAS Hall","Kozhanova, Tatiana O","01/11/27 - 04/27/27","",""
"WLFR 201","Intermediate French I","3","World Language","Spring 2027","Yes","003","Lec","Open 21/21","MWF 11:45 AM-12:35 PM","1220 SAS Hall","Kozhanova, Tatiana O","01/11/27 - 04/27/27","",""
"WLFR 201","Intermediate French I","3","World Language","Spring 2027","Yes","301","Lec","Open 18/18","MW 10:40 AM-11:30 AM TBD","2229 SAS Hall / Hybrid - Online and In-Person","Henneton, Diane / Staff","01/11/27 - 04/27/27","",""
"WLFR 201","Intermediate French I","3","World Language","Summer I 2027","Yes","501","Lec","Open 25/25","TBD","","Call, Laura Kmonicek / Kozhanova,Tatiana O","05/19/27 - 07/30/27 / Summer Ten Week Session","","Restricted to: Study Abroad Students Only"
"WLFR 201","Intermediate French I","3","World Language","Summer II 2027","No","","","","","","","","",""
"WLFR 202","Intermediate French II","3","World Language","Fall 2026","Yes","301","Lec","Open 2/20","MWF 10:40 AM-11:30 AM TBD","330 Dabney Hall / Hybrid - Online and In-Person","Morel, Katherine / Staff","08/17/26 - 12/01/26","","Departmental Approval Required"
"WLFR 202","Intermediate French II","3","World Language","Fall 2026","Yes","601","Lec","Open 8/22","TBD","Distance Education - Online","Morel, Katherine","08/17/26 - 12/01/26","","Departmental Approval Required"
"WLFR 202","Intermediate French II","3","World Language","Spring 2027","Yes","001","Lec","Open 22/22","TTh 11:45 AM-1:00 PM","205 Winston Hall","Morel, Katherine","01/11/27 - 04/27/27","",""
"WLFR 202","Intermediate French II","3","World Language","Spring 2027","Yes","601","Lec","Open 20/20","TBD","Distance Education - Online","Morel, Katherine","01/11/27 - 04/27/27","",""
"WLFR 202","Intermediate French II","3","World Language","Summer I 2027","Yes","501","Lec","Open 25/25","TBD","","Kozhanova, Tatiana O / Call,Laura Kmonicek","05/19/27 - 07/30/27 / Summer Ten Week Session","","Restricted to: Study Abroad Students Only"
"WLFR 202","Intermediate French II","3","World Language","Summer II 2027","No","","","","","","","","",""
"WLFR 212","French: Language, Culture, and Technology","3","World Language","Fall 2026","No","","","","","","","","",""
"WLFR 212","French: Language, Culture, and Technology","3","World Language","Spring 2027","No","","","","","","","","",""
"WLFR 212","French: Language, Culture, and Technology","3","World Language","Summer I 2027","No","","","","","","","","",""
"WLFR 212","French: Language, Culture, and Technology","3","World Language","Summer II 2027","No","","","","","","","","",""
"WLFR 301","Survey of French Literature from the Middle Ages through the Enlightenment","3","World Language","Fall 2026","Yes","001","Lec","Open 15/24","MW 4:30 PM-5:45 PM","130 Withers Hall","Kozhanova, Tatiana O","08/17/26 - 12/01/26","","Departmental Approval Required"
"WLFR 301","Survey of French Literature from the Middle Ages through the Enlightenment","3","World Language","Spring 2027","No","","","","","","","","",""
"WLFR 301","Survey of French Literature from the Middle Ages through the Enlightenment","3","World Language","Summer I 2027","No","","","","","","","","",""
"WLFR 301","Survey of French Literature from the Middle Ages through the Enlightenment","3","World Language","Summer II 2027","No","","","","","","","","",""
"WLFR 302","Survey of French Literature from Romanticism to the Contemporary Period","3","World Language","Fall 2026","No","","","","","","","","",""
"WLFR 302","Survey of French Literature from Romanticism to the Contemporary Period","3","World Language","Spring 2027","Yes","001","Lec","Open 24/24","MW 4:30 PM-5:45 PM","G112 Tompkins Hall","Call, Laura Kmonicek","01/11/27 - 04/27/27","",""
"WLFR 302","Survey of French Literature from Romanticism to the Contemporary Period","3","World Language","Summer I 2027","No","","","","","","","","",""
"WLFR 302","Survey of French Literature from Romanticism to the Contemporary Period","3","World Language","Summer II 2027","No","","","","","","","","",""
"WLFR 306","French Business Communication","3","World Language","Fall 2026","No","","","","","","","","",""
"WLFR 306","French Business Communication","3","World Language","Spring 2027","No","","","","","","","","",""
"WLFR 306","French Business Communication","3","World Language","Summer I 2027","No","","","","","","","","",""
"WLFR 306","French Business Communication","3","World Language","Summer II 2027","No","","","","","","","","",""
"WLFR 307","Business French","3","World Language","Fall 2026","Yes","001","Lec","Open 14/20","MW 6:00 PM-7:15 PM","135 Withers Hall","Henneton, Diane","08/17/26 - 12/01/26","","Departmental Approval Required"
"WLFR 307","Business French","3","World Language","Spring 2027","No","","","","","","","","",""
"WLFR 307","Business French","3","World Language","Summer I 2027","No","","","","","","","","",""
"WLFR 307","Business French","3","World Language","Summer II 2027","No","","","","","","","","",""
"WLFR 308","Advanced Conversation: Contemporary French Cultures","3","World Language","Fall 2026","Yes","001","Lec","Open 15/22","MW 3:00 PM-4:15 PM","461 Riddick Hall","Henneton, Diane","08/17/26 - 12/01/26","","Departmental Approval Required"
"WLFR 308","Advanced Conversation: Contemporary French Cultures","3","World Language","Spring 2027","Yes","001","Lec","Open 15/15","MWF 10:40 AM-11:30 AM","1220 SAS Hall","Kozhanova, Tatiana O","01/11/27 - 04/27/27","",""
"WLFR 308","Advanced Conversation: Contemporary French Cultures","3","World Language","Summer I 2027","No","","","","","","","","",""
"WLFR 308","Advanced Conversation: Contemporary French Cultures","3","World Language","Summer II 2027","No","","","","","","","","",""
"WLFR 309","French Phonetics and Pronunciation","3","World Language","Fall 2026","Yes","001","Lec","Open 11/24","MW 1:30 PM-2:45 PM","140 Marye Anne Fox Science","Kozhanova, Tatiana O","08/17/26 - 12/01/26","","Departmental Approval Required"
"WLFR 309","French Phonetics and Pronunciation","3","World Language","Spring 2027","Yes","001","Lec","Open 18/18","MW 3:00 PM-4:15 PM","126 Tompkins Hall","Kozhanova, Tatiana O","01/11/27 - 04/27/27","",""
"WLFR 309","French Phonetics and Pronunciation","3","World Language","Summer I 2027","No","","","","","","","","",""
"WLFR 309","French Phonetics and Pronunciation","3","World Language","Summer II 2027","No","","","","","","","","",""
"WLFR 310","Advanced Written Communication","3","World Language","Fall 2026","Yes","001","Lec","Open 10/24","TTh 10:15 AM-11:30 AM","130 Withers Hall","Morel, Katherine","08/17/26 - 12/01/26","","Departmental Approval Required"
"WLFR 310","Advanced Written Communication","3","World Language","Spring 2027","No","","","","","","","","",""
"WLFR 310","Advanced Written Communication","3","World Language","Summer I 2027","No","","","","","","","","",""
"WLFR 310","Advanced Written Communication","3","World Language","Summer II 2027","No","","","","","","","","",""
"WLFR 315","French Civilization and Culture","3","World Language","Fall 2026","Yes","001","Lec","Open 21/25","TTh 3:00 PM-4:15 PM","316 Leazar Hall","Call, Laura Kmonicek","08/17/26 - 12/01/26","","Departmental Approval Required"
"WLFR 315","French Civilization and Culture","3","World Language","Spring 2027","Yes","001","Lec","Open 18/18","TTh 1:30 PM-2:45 PM","205 Winston Hall","Morel, Katherine","01/11/27 - 04/27/27","",""
"WLFR 315","French Civilization and Culture","3","World Language","Summer I 2027","No","","","","","","","","",""
"WLFR 315","French Civilization and Culture","3","World Language","Summer II 2027","No","","","","","","","","",""
"WLFR 318","The Heritage of French Cinema","3","World Language","Fall 2026","No","","","","","","","","",""
"WLFR 318","The Heritage of French Cinema","3","World Language","Spring 2027","No","","","","","","","","",""
"WLFR 318","The Heritage of French Cinema","3","World Language","Summer I 2027","No","","","","","","","","",""
"WLFR 318","The Heritage of French Cinema","3","World Language","Summer II 2027","No","","","","","","","","",""
"WLFR 321","French Cultures and Contexts","3","World Language","Fall 2026","No","","","","","","","","",""
"WLFR 321","French Cultures and Contexts","3","World Language","Spring 2027","Yes","001","Lec","Open 25/25","MW 1:30 PM-2:45 PM","232 111 Lampe Drive","Henneton, Diane","01/11/27 - 04/27/27","",""
"WLFR 321","French Cultures and Contexts","3","World Language","Summer I 2027","No","","","","","","","","",""
"WLFR 321","French Cultures and Contexts","3","World Language","Summer II 2027","No","","","","","","","","",""
"WLFR 401","French Graduate Reading","3","World Language","Fall 2026","No","","","","","","","","",""
"WLFR 401","French Graduate Reading","3","World Language","Spring 2027","No","","","","","","","","",""
"WLFR 401","French Graduate Reading","3","World Language","Summer I 2027","No","","","","","","","","",""
"WLFR 401","French Graduate Reading","3","World Language","Summer II 2027","No","","","","","","","","",""
"WLFR 411","Approaches to French Translation","3","World Language","Fall 2026","No","","","","","","","","",""
"WLFR 411","Approaches to French Translation","3","World Language","Spring 2027","Yes","001","Lec","Open 12/12","TTh 1:30 PM-2:45 PM","130 Park Shops","Lambert, Valerie Ann","01/11/27 - 04/27/27","",""
"WLFR 411","Approaches to French Translation","3","World Language","Summer I 2027","No","","","","","","","","",""
"WLFR 411","Approaches to French Translation","3","World Language","Summer II 2027","No","","","","","","","","",""
"WLFR 425","Literature, Cinema and Culture of the Francophone World","3","World Language","Fall 2026","No","","","","","","","","",""
"WLFR 425","Literature, Cinema and Culture of the Francophone World","3","World Language","Spring 2027","No","","","","","","","","",""
"WLFR 425","Literature, Cinema and Culture of the Francophone World","3","World Language","Summer I 2027","No","","","","","","","","",""
"WLFR 425","Literature, Cinema and Culture of the Francophone World","3","World Language","Summer II 2027","No","","","","","","","","",""
"WLFR 492","Seminar in French Studies","3","World Language","Fall 2026","Yes","001","Sem","Open 9/14","TTh 4:30 PM-5:45 PM","17 Winston Hall","O'Donoghue, Meghan Kelsie","08/17/26 - 12/01/26","Imagining Independence","Departmental Approval Required"
"WLFR 492","Seminar in French Studies","3","World Language","Spring 2027","Yes","001","Sem","Open 15/15","MW 4:30 PM-5:45 PM","135 Withers Hall","O'Donoghue, Meghan Kelsie","01/11/27 - 04/27/27","",""
"WLFR 492","Seminar in French Studies","3","World Language","Summer I 2027","No","","","","","","","","",""
"WLFR 492","Seminar in French Studies","3","World Language","Summer II 2027","No","","","","","","","","",""
"WLFR 502","Variety in Language: French","3","World Language","Fall 2026","No","","","","","","","","",""
"WLFR 502","Variety in Language: French","3","World Language","Spring 2027","No","","","","","","","","",""
"WLFR 502","Variety in Language: French","3","World Language","Summer I 2027","No","","","","","","","","",""
"WLFR 502","Variety in Language: French","3","World Language","Summer II 2027","No","","","","","","","","",""
"WLFR 511","Approaches to French Translation","3","World Language","Fall 2026","No","","","","","","","","",""
"WLFR 511","Approaches to French Translation","3","World Language","Spring 2027","Yes","001","Lec","Open 12/12","TTh 1:30 PM-2:45 PM","130 Park Shops","Lambert, Valerie Ann","01/11/27 - 04/27/27","",""
"WLFR 511","Approaches to French Translation","3","World Language","Summer I 2027","No","","","","","","","","",""
"WLFR 511","Approaches to French Translation","3","World Language","Summer II 2027","No","","","","","","","","",""
"WLFR 516","Art and Society in France","3","World Language","Fall 2026","No","","","","","","","","",""
"WLFR 516","Art and Society in France","3","World Language","Spring 2027","No","","","","","","","","",""
"WLFR 516","Art and Society in France","3","World Language","Summer I 2027","No","","","","","","","","",""
"WLFR 516","Art and Society in France","3","World Language","Summer II 2027","No","","","","","","","","",""
"WLFR 521","French Cultures and Contexts","3","World Language","Fall 2026","Yes","001","Lec","Open 9/15","T 4:30 PM-7:15 PM","130 Withers Hall","Garval, Michael D","08/17/26 - 12/01/26","","Departmental Approval Required"
"WLFR 521","French Cultures and Contexts","3","World Language","Spring 2027","No","","","","","","","","",""
"WLFR 521","French Cultures and Contexts","3","World Language","Summer I 2027","No","","","","","","","","",""
"WLFR 521","French Cultures and Contexts","3","World Language","Summer II 2027","No","","","","","","","","",""
"WLFR 525","Literature, Cinema and Culture of the Francophone World","3","World Language","Fall 2026","No","","","","","","","","",""
"WLFR 525","Literature, Cinema and Culture of the Francophone World","3","World Language","Spring 2027","No","","","","","","","","",""
"WLFR 525","Literature, Cinema and Culture of the Francophone World","3","World Language","Summer I 2027","No","","","","","","","","",""
"WLFR 525","Literature, Cinema and Culture of the Francophone World","3","World Language","Summer II 2027","No","","","","","","","","",""
"WLFR 592","Seminar in French Studies","3","World Language","Fall 2026","No","","","","","","","","",""
"WLFR 592","Seminar in French Studies","3","World Language","Spring 2027","Yes","001","Lec","Open 10/10","MW 4:30 PM-5:45 PM","135 Withers Hall","O'Donoghue, Meghan Kelsie","01/11/27 - 04/27/27","",""
"WLFR 592","Seminar in French Studies","3","World Language","Summer I 2027","No","","","","","","","","",""
"WLFR 592","Seminar in French Studies","3","World Language","Summer II 2027","No","","","","","","","","",""
"WLFR 595","Special Topics in French","3-6","World Language","Fall 2026","No","","","","","","","","",""
"WLFR 595","Special Topics in French","3-6","World Language","Spring 2027","Yes","001","Lec","Open 18/18","Th 4:30 PM-7:15 PM","412 111 Lampe Drive","Lambert, Valerie Ann","01/11/27 - 04/27/27","",""
"WLFR 595","Special Topics in French","3-6","World Language","Summer I 2027","No","","","","","","","","",""
"WLFR 595","Special Topics in French","3-6","World Language","Summer II 2027","No","","","","","","","","",""
"WLGE 201","Intermediate German I","3","World Language","Fall 2026","Yes","001","Lec","Open 4/20","MWF 11:45 AM-12:35 PM","202 Quad Commons","Brown, James Hamilton","08/17/26 - 12/01/26","","Departmental Approval Required"
"WLGE 201","Intermediate German I","3","World Language","Fall 2026","Yes","601","Lec","Open 2/20","TBD","Distance Education - Online","Brown, James Hamilton","08/17/26 - 12/01/26","","Departmental Approval Required"
"WLGE 201","Intermediate German I","3","World Language","Spring 2027","Yes","002","Lec","Open 20/20","MWF 11:45 AM-12:35 PM","131 Withers Hall","Nyota, Lynda K","01/11/27 - 04/27/27","",""
"WLGE 201","Intermediate German I","3","World Language","Summer I 2027","No","","","","","","","","",""
"WLGE 201","Intermediate German I","3","World Language","Summer II 2027","No","","","","","","","","",""
"WLGE 202","Intermediate German II","3","World Language","Fall 2026","Yes","001","Lec","Open 10/25","MW 11:45 AM-1:00 PM","131 Withers Hall","Nyota, Lynda K","08/17/26 - 12/01/26","","Departmental Approval Required"
"WLGE 202","Intermediate German II","3","World Language","Spring 2027","Yes","001","Lec","Open 15/15","MWF 1:55 PM-2:45 PM","208 Patterson Hall","Brown, James Hamilton","01/11/27 - 04/27/27","",""
"WLGE 202","Intermediate German II","3","World Language","Summer I 2027","No","","","","","","","","",""
"WLGE 202","Intermediate German II","3","World Language","Summer II 2027","No","","","","","","","","",""
"WLGE 212","German Language, Culture, Science, and Technology","3","World Language","Fall 2026","No","","","","","","","","",""
"WLGE 212","German Language, Culture, Science, and Technology","3","World Language","Spring 2027","No","","","","","","","","",""
"WLGE 212","German Language, Culture, Science, and Technology","3","World Language","Summer I 2027","No","","","","","","","","",""
"WLGE 212","German Language, Culture, Science, and Technology","3","World Language","Summer II 2027","No","","","","","","","","",""
"WLGE 301","Advanced German","3","World Language","Fall 2026","Yes","001","Lec","Open 10/20","TTh 11:45 AM-1:00 PM","202 Quad Commons","Brown, James Hamilton","08/17/26 - 12/01/26","","Departmental Approval Required"
"WLGE 301","Advanced German","3","World Language","Spring 2027","No","","","","","","","","",""
"WLGE 301","Advanced German","3","World Language","Summer I 2027","No","","","","","","","","",""
"WLGE 301","Advanced German","3","World Language","Summer II 2027","No","","","","","","","","",""
"WLGE 302","German Oral and Written Expression","3","World Language","Fall 2026","No","","","","","","","","",""
"WLGE 302","German Oral and Written Expression","3","World Language","Spring 2027","Yes","001","Lec","Open 15/15","TTh 10:15 AM-11:30 AM","145 Withers Hall","Strobel, Marcel","01/11/27 - 04/27/27","",""
"WLGE 302","German Oral and Written Expression","3","World Language","Summer I 2027","No","","","","","","","","",""
"WLGE 302","German Oral and Written Expression","3","World Language","Summer II 2027","No","","","","","","","","",""
"WLGE 307","Business German","3","World Language","Fall 2026","No","","","","","","","","",""
"WLGE 307","Business German","3","World Language","Spring 2027","No","","","","","","","","",""
"WLGE 307","Business German","3","World Language","Summer I 2027","No","","","","","","","","",""
"WLGE 307","Business German","3","World Language","Summer II 2027","No","","","","","","","","",""
"WLGE 311","Introduction to German Translation","3","World Language","Fall 2026","No","","","","","","","","",""
"WLGE 311","Introduction to German Translation","3","World Language","Spring 2027","No","","","","","","","","",""
"WLGE 311","Introduction to German Translation","3","World Language","Summer I 2027","No","","","","","","","","",""
"WLGE 311","Introduction to German Translation","3","World Language","Summer II 2027","No","","","","","","","","",""
"WLGE 315","Germanic Civilization and Culture","3","World Language","Fall 2026","No","","","","","","","","",""
"WLGE 315","Germanic Civilization and Culture","3","World Language","Spring 2027","No","","","","","","","","",""
"WLGE 315","Germanic Civilization and Culture","3","World Language","Summer I 2027","No","","","","","","","","",""
"WLGE 315","Germanic Civilization and Culture","3","World Language","Summer II 2027","No","","","","","","","","",""
"WLGE 318","New German Cinema and Beyond","3","World Language","Fall 2026","No","","","","","","","","",""
"WLGE 318","New German Cinema and Beyond","3","World Language","Spring 2027","Yes","001","Lec","Open 25/25","MW 1:30 PM-2:45 PM","131 Withers Hall","Nyota, Lynda K","01/11/27 - 04/27/27","",""
"WLGE 318","New German Cinema and Beyond","3","World Language","Summer I 2027","No","","","","","","","","",""
"WLGE 318","New German Cinema and Beyond","3","World Language","Summer II 2027","No","","","","","","","","",""
"WLGE 320","Introduction to German Literature","3","World Language","Fall 2026","Yes","001","Lec","Closed 0/12","TTh 10:15 AM-11:30 AM","117 Ricks Hall","Strobel, Marcel","08/17/26 - 12/01/26","","Departmental Approval Required"
"WLGE 320","Introduction to German Literature","3","World Language","Spring 2027","No","","","","","","","","",""
"WLGE 320","Introduction to German Literature","3","World Language","Summer I 2027","No","","","","","","","","",""
"WLGE 320","Introduction to German Literature","3","World Language","Summer II 2027","No","","","","","","","","",""
"WLGE 323","Twentieth Century German Literature","3","World Language","Fall 2026","No","","","","","","","","",""
"WLGE 323","Twentieth Century German Literature","3","World Language","Spring 2027","No","","","","","","","","",""
"WLGE 323","Twentieth Century German Literature","3","World Language","Summer I 2027","No","","","","","","","","",""
"WLGE 323","Twentieth Century German Literature","3","World Language","Summer II 2027","No","","","","","","","","",""
"WLGE 325","German Lyric Poetry","3","World Language","Fall 2026","No","","","","","","","","",""
"WLGE 325","German Lyric Poetry","3","World Language","Spring 2027","Yes","001","Lec","Open 15/15","MW 3:00 PM-4:15 PM","208 Patterson Hall","Brown, James Hamilton","01/11/27 - 04/27/27","",""
"WLGE 325","German Lyric Poetry","3","World Language","Summer I 2027","No","","","","","","","","",""
"WLGE 325","German Lyric Poetry","3","World Language","Summer II 2027","No","","","","","","","","",""
"WLGE 390","German Studies Topics","3","World Language","Fall 2026","No","","","","","","","","",""
"WLGE 390","German Studies Topics","3","World Language","Spring 2027","No","","","","","","","","",""
"WLGE 390","German Studies Topics","3","World Language","Summer I 2027","No","","","","","","","","",""
"WLGE 390","German Studies Topics","3","World Language","Summer II 2027","No","","","","","","","","",""
"WLGE 398","Independent Study in German","1-6","World Language","Fall 2026","No","","","","","","","","",""
"WLGE 398","Independent Study in German","1-6","World Language","Spring 2027","Yes","001","Ind","Open 2/2","TBD","","Brown, James Hamilton","01/11/27 - 04/27/27","","Instructor Approval Required"
"WLGE 398","Independent Study in German","1-6","World Language","Summer I 2027","No","","","","","","","","",""
"WLGE 398","Independent Study in German","1-6","World Language","Summer II 2027","No","","","","","","","","",""
"WLGE 401","German Graduate Reading","3","World Language","Fall 2026","No","","","","","","","","",""
"WLGE 401","German Graduate Reading","3","World Language","Spring 2027","No","","","","","","","","",""
"WLGE 401","German Graduate Reading","3","World Language","Summer I 2027","No","","","","","","","","",""
"WLGE 401","German Graduate Reading","3","World Language","Summer II 2027","No","","","","","","","","",""
"WLGE 420","Current Issues in German-Language Media","3","World Language","Fall 2026","No","","","","","","","","",""
"WLGE 420","Current Issues in German-Language Media","3","World Language","Spring 2027","No","","","","","","","","",""
"WLGE 420","Current Issues in German-Language Media","3","World Language","Summer I 2027","No","","","","","","","","",""
"WLGE 420","Current Issues in German-Language Media","3","World Language","Summer II 2027","No","","","","","","","","",""
"WLGE 430","Cultural Artifacts in the German-Speaking Countries","3","World Language","Fall 2026","No","","","","","","","","",""
"WLGE 430","Cultural Artifacts in the German-Speaking Countries","3","World Language","Spring 2027","No","","","","","","","","",""
"WLGE 430","Cultural Artifacts in the German-Speaking Countries","3","World Language","Summer I 2027","No","","","","","","","","",""
"WLGE 430","Cultural Artifacts in the German-Speaking Countries","3","World Language","Summer II 2027","No","","","","","","","","",""
"WLGE 440","Green Germany: Nature and Environment in German Speaking Cultures","3","World Language","Fall 2026","No","","","","","","","","",""
"WLGE 440","Green Germany: Nature and Environment in German Speaking Cultures","3","World Language","Spring 2027","No","","","","","","","","",""
"WLGE 440","Green Germany: Nature and Environment in German Speaking Cultures","3","World Language","Summer I 2027","No","","","","","","","","",""
"WLGE 440","Green Germany: Nature and Environment in German Speaking Cultures","3","World Language","Summer II 2027","No","","","","","","","","",""
"WLGE 492","Senior Seminar in German Studies","3","World Language","Fall 2026","No","","","","","","","","",""
"WLGE 492","Senior Seminar in German Studies","3","World Language","Spring 2027","No","","","","","","","","",""
"WLGE 492","Senior Seminar in German Studies","3","World Language","Summer I 2027","No","","","","","","","","",""
"WLGE 492","Senior Seminar in German Studies","3","World Language","Summer II 2027","No","","","","","","","","",""
"WLGE 499","Internship in Germany, Austria, or German-Speaking Switzerland","1-6","World Language","Fall 2026","Yes","001","Int","Open 3/3","TBD","","Brown, James Hamilton","08/17/26 - 12/01/26","","Instructor Approval Required"
"WLGE 499","Internship in Germany, Austria, or German-Speaking Switzerland","1-6","World Language","Spring 2027","Yes","001","Int","Open 3/3","TBD","","Brown, James Hamilton","01/11/27 - 04/27/27","",""
"WLGE 499","Internship in Germany, Austria, or German-Speaking Switzerland","1-6","World Language","Summer I 2027","Yes","001","Int","Open 3/3","TBD","","Brown, James Hamilton","05/19/27 - 07/30/27 / Summer Ten Week Session","","Instructor Approval Required"
"WLGE 499","Internship in Germany, Austria, or German-Speaking Switzerland","1-6","World Language","Summer II 2027","No","","","","","","","","",""
"WLGR 201","Intermediate Greek I","3","World Language","Fall 2026","No","","","","","","","","",""
"WLGR 201","Intermediate Greek I","3","World Language","Spring 2027","No","","","","","","","","",""
"WLGR 201","Intermediate Greek I","3","World Language","Summer I 2027","No","","","","","","","","",""
"WLGR 201","Intermediate Greek I","3","World Language","Summer II 2027","No","","","","","","","","",""
"WLGR 202","Intermediate Greek II","3","World Language","Fall 2026","No","","","","","","","","",""
"WLGR 202","Intermediate Greek II","3","World Language","Spring 2027","No","","","","","","","","",""
"WLGR 202","Intermediate Greek II","3","World Language","Summer I 2027","No","","","","","","","","",""
"WLGR 202","Intermediate Greek II","3","World Language","Summer II 2027","No","","","","","","","","",""
"WLHU 201","Intermediate Hindi-Urdu I","3","World Language","Fall 2026","Yes","301","Lec","Open 9/15","MW 10:40 AM-11:30 AM TBD","125 Withers Hall / Hybrid - Online and In-Person","Phukan, Nilakshi / Phukan,Nilakshi","08/17/26 - 12/01/26","","Departmental Approval Required"
"WLHU 201","Intermediate Hindi-Urdu I","3","World Language","Spring 2027","No","","","","","","","","",""
"WLHU 201","Intermediate Hindi-Urdu I","3","World Language","Summer I 2027","No","","","","","","","","",""
"WLHU 201","Intermediate Hindi-Urdu I","3","World Language","Summer II 2027","No","","","","","","","","",""
"WLHU 202","Intermediate Hindi-Urdu II","3","World Language","Fall 2026","No","","","","","","","","",""
"WLHU 202","Intermediate Hindi-Urdu II","3","World Language","Spring 2027","Yes","001","Lec","Open 12/12","MWF 10:40 AM-11:30 AM","117 Ricks Hall","Phukan, Nilakshi","01/11/27 - 04/27/27","",""
"WLHU 202","Intermediate Hindi-Urdu II","3","World Language","Summer I 2027","No","","","","","","","","",""
"WLHU 202","Intermediate Hindi-Urdu II","3","World Language","Summer II 2027","No","","","","","","","","",""
"WLHU 203","Intermediate Hindi-Urdu I Conversation","1","World Language","Fall 2026","No","","","","","","","","",""
"WLHU 203","Intermediate Hindi-Urdu I Conversation","1","World Language","Spring 2027","No","","","","","","","","",""
"WLHU 203","Intermediate Hindi-Urdu I Conversation","1","World Language","Summer I 2027","No","","","","","","","","",""
"WLHU 203","Intermediate Hindi-Urdu I Conversation","1","World Language","Summer II 2027","No","","","","","","","","",""
"WLHU 204","Intermediate Hindi-Urdu II Conversation","1","World Language","Fall 2026","No","","","","","","","","",""
"WLHU 204","Intermediate Hindi-Urdu II Conversation","1","World Language","Spring 2027","No","","","","","","","","",""
"WLHU 204","Intermediate Hindi-Urdu II Conversation","1","World Language","Summer I 2027","No","","","","","","","","",""
"WLHU 204","Intermediate Hindi-Urdu II Conversation","1","World Language","Summer II 2027","No","","","","","","","","",""
"WLHU 301","Twentieth Century Hindi & Urdu Fiction","3","World Language","Fall 2026","Yes","001","Lec","Open 1/3","MW 3:00 PM-4:15 PM","150 Withers Hall","Phukan, Nilakshi","08/17/26 - 12/01/26","Modern Hindi-Urdu Short Story","Departmental Approval Required"
"WLHU 301","Twentieth Century Hindi & Urdu Fiction","3","World Language","Spring 2027","No","","","","","","","","",""
"WLHU 301","Twentieth Century Hindi & Urdu Fiction","3","World Language","Summer I 2027","No","","","","","","","","",""
"WLHU 301","Twentieth Century Hindi & Urdu Fiction","3","World Language","Summer II 2027","No","","","","","","","","",""
"WLHU 302","Modern Hindi & Urdu Poetry","3","World Language","Fall 2026","No","","","","","","","","",""
"WLHU 302","Modern Hindi & Urdu Poetry","3","World Language","Spring 2027","Yes","001","Lec","Open 5/5","TTh 10:15 AM-11:30 AM","130 Withers Hall","Mody, Sujata S.","01/11/27 - 04/27/27","",""
"WLHU 302","Modern Hindi & Urdu Poetry","3","World Language","Summer I 2027","No","","","","","","","","",""
"WLHU 302","Modern Hindi & Urdu Poetry","3","World Language","Summer II 2027","No","","","","","","","","",""
"WLHU 401","Hindi Literature and South Asian Cultural Contexts","3","World Language","Fall 2026","No","","","","","","","","",""
"WLHU 401","Hindi Literature and South Asian Cultural Contexts","3","World Language","Spring 2027","No","","","","","","","","",""
"WLHU 401","Hindi Literature and South Asian Cultural Contexts","3","World Language","Summer I 2027","No","","","","","","","","",""
"WLHU 401","Hindi Literature and South Asian Cultural Contexts","3","World Language","Summer II 2027","No","","","","","","","","",""
"WLIT 201","Intermediate Italian I","3","World Language","Fall 2026","Yes","001","Lec","Open 7/29","MW 1:30 PM-2:45 PM","209 Winston Hall","Bonaduce Dresler, Anna Rita","08/17/26 - 12/01/26","","Departmental Approval Required"
"WLIT 201","Intermediate Italian I","3","World Language","Spring 2027","Yes","001","Lec","Open 21/21","MW 11:45 AM-1:00 PM","461 Riddick Hall","Pesoli, Sandra","01/11/27 - 04/27/27","",""
"WLIT 201","Intermediate Italian I","3","World Language","Summer I 2027","No","","","","","","","","",""
"WLIT 201","Intermediate Italian I","3","World Language","Summer II 2027","No","","","","","","","","",""
"WLIT 202","Intermediate Italian II","3","World Language","Fall 2026","No","","","","","","","","",""
"WLIT 202","Intermediate Italian II","3","World Language","Spring 2027","Yes","301","Lec","Open 20/20","MW 3:00 PM-3:50 PM 3:00 PM - 3:50 PM","145 Withers Hall / Hybrid - Online and In-Person","Bonaduce Dresler, Anna Rita / Staff","01/11/27 - 04/27/27","",""
"WLIT 202","Intermediate Italian II","3","World Language","Summer I 2027","No","","","","","","","","",""
"WLIT 202","Intermediate Italian II","3","World Language","Summer II 2027","No","","","","","","","","",""
"WLIT 208","Italy Today: Media, Culture, and Society","3","World Language","Fall 2026","Yes","301","Lec","Open 12/22","MW 3:00 PM-3:50 PM 3:00 PM - 3:50 PM","209 Winston Hall / Hybrid - Online and In-Person","Bonaduce Dresler, Anna Rita / Staff","08/17/26 - 12/01/26","","Departmental Approval Required"
"WLIT 208","Italy Today: Media, Culture, and Society","3","World Language","Spring 2027","No","","","","","","","","",""
"WLIT 208","Italy Today: Media, Culture, and Society","3","World Language","Summer I 2027","No","","","","","","","","",""
"WLIT 208","Italy Today: Media, Culture, and Society","3","World Language","Summer II 2027","No","","","","","","","","",""
"WLIT 308","Italy in the Globalized World","3","World Language","Fall 2026","No","","","","","","","","",""
"WLIT 308","Italy in the Globalized World","3","World Language","Spring 2027","Yes","001","Lec","Open 16/16","MW 1:30 PM-2:45 PM","412 111 Lampe Drive","Pesoli, Sandra","01/11/27 - 04/27/27","",""
"WLIT 308","Italy in the Globalized World","3","World Language","Summer I 2027","No","","","","","","","","",""
"WLIT 308","Italy in the Globalized World","3","World Language","Summer II 2027","No","","","","","","","","",""
"WLIT 315","Made in Italy: Where Heritage, Culture & Culinary History blend with Technological Innovation","3","World Language","Fall 2026","No","","","","","","","","",""
"WLIT 315","Made in Italy: Where Heritage, Culture & Culinary History blend with Technological Innovation","3","World Language","Spring 2027","No","","","","","","","","",""
"WLIT 315","Made in Italy: Where Heritage, Culture & Culinary History blend with Technological Innovation","3","World Language","Summer I 2027","No","","","","","","","","",""
"WLIT 315","Made in Italy: Where Heritage, Culture & Culinary History blend with Technological Innovation","3","World Language","Summer II 2027","Yes","501","Lec","Open 20/20","TBD","","Bonaduce Dresler, Anna Rita","06/28/27 - 07/30/27 / Summer Five Week Session","","Restricted to: Study Abroad Students Only"
"WLIT 318","Italian Society Through Cinema","3","World Language","Fall 2026","No","","","","","","","","",""
"WLIT 318","Italian Society Through Cinema","3","World Language","Spring 2027","No","","","","","","","","",""
"WLIT 318","Italian Society Through Cinema","3","World Language","Summer I 2027","No","","","","","","","","",""
"WLIT 318","Italian Society Through Cinema","3","World Language","Summer II 2027","No","","","","","","","","",""
"WLJA 201","Intermediate Japanese I","3","World Language","Fall 2026","Yes","001","Lec","Open 13/25","MWF 8:30 AM-9:20 AM","130 Withers Hall","Sera, Wakako","08/17/26 - 12/01/26","","Departmental Approval Required"
"WLJA 201","Intermediate Japanese I","3","World Language","Fall 2026","Yes","002","Lec","Open 7/25","MWF 9:35 AM-10:25 AM","130 Withers Hall","Sera, Wakako","08/17/26 - 12/01/26","","Departmental Approval Required"
"WLJA 201","Intermediate Japanese I","3","World Language","Fall 2026","Yes","003","Lec","Closed 0/24","MWF 1:55 PM-2:45 PM","145 Withers Hall","Sera, Wakako","08/17/26 - 12/01/26","","Departmental Approval Required"
"WLJA 201","Intermediate Japanese I","3","World Language","Spring 2027","Yes","001","Lec","Open 15/15","MWF 1:55 PM-2:45 PM","130 Withers Hall","Sera, Wakako","01/11/27 - 04/27/27","",""
"WLJA 201","Intermediate Japanese I","3","World Language","Summer I 2027","No","","","","","","","","",""
"WLJA 201","Intermediate Japanese I","3","World Language","Summer II 2027","No","","","","","","","","",""
"WLJA 202","Intermediate Japanese II","3","World Language","Fall 2026","No","","","","","","","","",""
"WLJA 202","Intermediate Japanese II","3","World Language","Spring 2027","Yes","001","Lec","Open 15/15","MWF 8:30 AM-9:20 AM","125 1911 Building","Sera, Wakako","01/11/27 - 04/27/27","",""
"WLJA 202","Intermediate Japanese II","3","World Language","Spring 2027","Yes","002","Lec","Open 15/15","MWF 9:35 AM-10:25 AM","135 Withers Hall","Sera, Wakako","01/11/27 - 04/27/27","",""
"WLJA 202","Intermediate Japanese II","3","World Language","Summer I 2027","No","","","","","","","","",""
"WLJA 202","Intermediate Japanese II","3","World Language","Summer II 2027","No","","","","","","","","",""
"WLJA 203","Intermediate Japanese Conversation","1","World Language","Fall 2026","Yes","001","Rec","Open 14/36","Th 10:40 AM-11:30 AM","2106 SAS Hall","Ishikawa, Momoko","08/17/26 - 12/01/26","","Departmental Approval Required"
"WLJA 203","Intermediate Japanese Conversation","1","World Language","Fall 2026","Yes","002","Rec","Open 8/40","Th 1:30 PM-2:20 PM","131 Withers Hall","Ishikawa, Momoko","08/17/26 - 12/01/26","","Departmental Approval Required"
"WLJA 203","Intermediate Japanese Conversation","1","World Language","Spring 2027","Yes","601","Rec","Open 25/25","T 12:50 PM-1:40 PM","Distance Education - Online","Ha, Kyung Hee","01/11/27 - 04/27/27","",""
"WLJA 203","Intermediate Japanese Conversation","1","World Language","Summer I 2027","No","","","","","","","","",""
"WLJA 203","Intermediate Japanese Conversation","1","World Language","Summer II 2027","No","","","","","","","","",""
"WLJA 204","Intermediate Japanese II Conversation","1","World Language","Fall 2026","No","","","","","","","","",""
"WLJA 204","Intermediate Japanese II Conversation","1","World Language","Spring 2027","Yes","601","Rec","Open 27/27","T 10:40 AM-11:30 AM","Distance Education - Online","Ha, Kyung Hee","01/11/27 - 04/27/27","",""
"WLJA 204","Intermediate Japanese II Conversation","1","World Language","Spring 2027","Yes","602","Rec","Open 27/27","T 11:45 AM-12:35 PM","Distance Education - Online","Ha, Kyung Hee","01/11/27 - 04/27/27","",""
"WLJA 204","Intermediate Japanese II Conversation","1","World Language","Summer I 2027","No","","","","","","","","",""
"WLJA 204","Intermediate Japanese II Conversation","1","World Language","Summer II 2027","No","","","","","","","","",""
"WLJA 301","Intermediate Japanese III","3","World Language","Fall 2026","Yes","001","Lec","Open 7/26","MWF 9:35 AM-10:25 AM","135 Withers Hall","Fujioka, Junko","08/17/26 - 12/01/26","","Departmental Approval Required"
"WLJA 301","Intermediate Japanese III","3","World Language","Spring 2027","No","","","","","","","","",""
"WLJA 301","Intermediate Japanese III","3","World Language","Summer I 2027","No","","","","","","","","",""
"WLJA 301","Intermediate Japanese III","3","World Language","Summer II 2027","No","","","","","","","","",""
"WLJA 302","Intermediate Japanese IV","3","World Language","Fall 2026","No","","","","","","","","",""
"WLJA 302","Intermediate Japanese IV","3","World Language","Spring 2027","Yes","001","Lec","Open 20/20","MWF 10:40 AM-11:30 AM","212 Caldwell Hall","Ishikawa, Momoko","01/11/27 - 04/27/27","",""
"WLJA 302","Intermediate Japanese IV","3","World Language","Summer I 2027","No","","","","","","","","",""
"WLJA 302","Intermediate Japanese IV","3","World Language","Summer II 2027","No","","","","","","","","",""
"WLJA 342","Classical Japanese Literature in Translation","3","World Language","Fall 2026","No","","","","","","","","",""
"WLJA 342","Classical Japanese Literature in Translation","3","World Language","Spring 2027","No","","","","","","","","",""
"WLJA 342","Classical Japanese Literature in Translation","3","World Language","Summer I 2027","No","","","","","","","","",""
"WLJA 342","Classical Japanese Literature in Translation","3","World Language","Summer II 2027","No","","","","","","","","",""
"WLJA 344","Early Modern Japanese Literature in Translation","3","World Language","Fall 2026","No","","","","","","","","",""
"WLJA 344","Early Modern Japanese Literature in Translation","3","World Language","Spring 2027","No","","","","","","","","",""
"WLJA 344","Early Modern Japanese Literature in Translation","3","World Language","Summer I 2027","No","","","","","","","","",""
"WLJA 344","Early Modern Japanese Literature in Translation","3","World Language","Summer II 2027","No","","","","","","","","",""
"WLJA 345","Modern Japanese Literature in Translation","3","World Language","Fall 2026","Yes","001","Lec","Closed 0/25","MW 1:30 PM-2:45 PM","2328 Broughton Hall","Kaneko, Mina","08/17/26 - 12/01/26","","Departmental Approval Required"
"WLJA 345","Modern Japanese Literature in Translation","3","World Language","Spring 2027","No","","","","","","","","",""
"WLJA 345","Modern Japanese Literature in Translation","3","World Language","Summer I 2027","No","","","","","","","","",""
"WLJA 345","Modern Japanese Literature in Translation","3","World Language","Summer II 2027","No","","","","","","","","",""
"WLJA 351","Contemporary Culture in Japan","3","World Language","Fall 2026","No","","","","","","","","",""
"WLJA 351","Contemporary Culture in Japan","3","World Language","Spring 2027","No","","","","","","","","",""
"WLJA 351","Contemporary Culture in Japan","3","World Language","Summer I 2027","No","","","","","","","","",""
"WLJA 351","Contemporary Culture in Japan","3","World Language","Summer II 2027","No","","","","","","","","",""
"WLJA 401","Advanced Japanese I","3","World Language","Fall 2026","Yes","001","Lec","Open 9/24","MW 3:00 PM-4:15 PM","145 Withers Hall","Sera, Wakako","08/17/26 - 12/01/26","","Departmental Approval Required"
"WLJA 401","Advanced Japanese I","3","World Language","Spring 2027","No","","","","","","","","",""
"WLJA 401","Advanced Japanese I","3","World Language","Summer I 2027","No","","","","","","","","",""
"WLJA 401","Advanced Japanese I","3","World Language","Summer II 2027","No","","","","","","","","",""
"WLJA 402","Advanced Japanese II","3","World Language","Fall 2026","No","","","","","","","","",""
"WLJA 402","Advanced Japanese II","3","World Language","Spring 2027","Yes","001","Lec","Open 15/15","MWF 10:40 AM-11:30 AM","135 Withers Hall","Fujioka, Junko","01/11/27 - 04/27/27","",""
"WLJA 402","Advanced Japanese II","3","World Language","Summer I 2027","No","","","","","","","","",""
"WLJA 402","Advanced Japanese II","3","World Language","Summer II 2027","No","","","","","","","","",""
"WLLA 201","Intermediate Latin I","3","World Language","Fall 2026","Yes","001","Lec","Open 2/20","MW 10:15 AM-11:30 AM","412 111 Lampe Drive","Heinen, Dustin Ryan","08/17/26 - 12/01/26","","Departmental Approval Required"
"WLLA 201","Intermediate Latin I","3","World Language","Spring 2027","No","","","","","","","","",""
"WLLA 201","Intermediate Latin I","3","World Language","Summer I 2027","No","","","","","","","","",""
"WLLA 201","Intermediate Latin I","3","World Language","Summer II 2027","No","","","","","","","","",""
"WLLA 202","Intermediate Latin II","3","World Language","Fall 2026","No","","","","","","","","",""
"WLLA 202","Intermediate Latin II","3","World Language","Spring 2027","Yes","001","Lec","Open 15/15","MW 11:45 AM-1:00 PM","G115 Tompkins Hall","Heinen, Dustin Ryan","01/11/27 - 04/27/27","",""
"WLLA 202","Intermediate Latin II","3","World Language","Summer I 2027","No","","","","","","","","",""
"WLLA 202","Intermediate Latin II","3","World Language","Summer II 2027","No","","","","","","","","",""
"WLPE 201","Intermediate Persian I","3","World Language","Fall 2026","No","","","","","","","","",""
"WLPE 201","Intermediate Persian I","3","World Language","Spring 2027","No","","","","","","","","",""
"WLPE 201","Intermediate Persian I","3","World Language","Summer I 2027","No","","","","","","","","",""
"WLPE 201","Intermediate Persian I","3","World Language","Summer II 2027","No","","","","","","","","",""
"WLPE 202","Intermediate Persian II","3","World Language","Fall 2026","No","","","","","","","","",""
"WLPE 202","Intermediate Persian II","3","World Language","Spring 2027","No","","","","","","","","",""
"WLPE 202","Intermediate Persian II","3","World Language","Summer I 2027","No","","","","","","","","",""
"WLPE 202","Intermediate Persian II","3","World Language","Summer II 2027","No","","","","","","","","",""
"WLPO 201","Intermediate Portuguese I","3","World Language","Fall 2026","Yes","001","Lec","Open 11/15","TTh 3:00 PM-4:15 PM","2111 Burlington Nuc Labs","Coachman, Karen","08/17/26 - 12/01/26","","Departmental Approval Required"
"WLPO 201","Intermediate Portuguese I","3","World Language","Spring 2027","No","","","","","","","","",""
"WLPO 201","Intermediate Portuguese I","3","World Language","Summer I 2027","No","","","","","","","","",""
"WLPO 201","Intermediate Portuguese I","3","World Language","Summer II 2027","No","","","","","","","","",""
"WLPO 401","Brazilian Portuguese for Spanish Speakers","3","World Language","Fall 2026","No","","","","","","","","",""
"WLPO 401","Brazilian Portuguese for Spanish Speakers","3","World Language","Spring 2027","No","","","","","","","","",""
"WLPO 401","Brazilian Portuguese for Spanish Speakers","3","World Language","Summer I 2027","No","","","","","","","","",""
"WLPO 401","Brazilian Portuguese for Spanish Speakers","3","World Language","Summer II 2027","No","","","","","","","","",""
"WLRU 201","Intermediate Russian I","3","World Language","Fall 2026","Yes","001","Lec","Open 8/14","MWF 8:30 AM-9:20 AM","17 Winston Hall","Lalo, Alexei","08/17/26 - 12/01/26","","Departmental Approval Required"
"WLRU 201","Intermediate Russian I","3","World Language","Spring 2027","No","","","","","","","","",""
"WLRU 201","Intermediate Russian I","3","World Language","Summer I 2027","No","","","","","","","","",""
"WLRU 201","Intermediate Russian I","3","World Language","Summer II 2027","No","","","","","","","","",""
"WLRU 202","Intermediate Russian II","3","World Language","Fall 2026","No","","","","","","","","",""
"WLRU 202","Intermediate Russian II","3","World Language","Spring 2027","Yes","001","Lec","Open 15/15","MW 3:00 PM-4:15 PM","3108 Burlington Nuc Labs","Lalo, Alexei","01/11/27 - 04/27/27","",""
"WLRU 202","Intermediate Russian II","3","World Language","Summer I 2027","No","","","","","","","","",""
"WLRU 202","Intermediate Russian II","3","World Language","Summer II 2027","No","","","","","","","","",""
"WLRU 303","Russian Literature in Translation: The Nineteenth Century","3","World Language","Fall 2026","Yes","601","Lec","Open 1/30","MW 3:00 PM-4:15 PM","Distance Education - Online","Lalo, Alexei","08/17/26 - 12/01/26","","Departmental Approval Required"
"WLRU 303","Russian Literature in Translation: The Nineteenth Century","3","World Language","Spring 2027","No","","","","","","","","",""
"WLRU 303","Russian Literature in Translation: The Nineteenth Century","3","World Language","Summer I 2027","No","","","","","","","","",""
"WLRU 303","Russian Literature in Translation: The Nineteenth Century","3","World Language","Summer II 2027","No","","","","","","","","",""
"WLRU 304","Russian Literature in Translation: The Twentieth Century","3","World Language","Fall 2026","No","","","","","","","","",""
"WLRU 304","Russian Literature in Translation: The Twentieth Century","3","World Language","Spring 2027","Yes","001","Lec","Open 28/28","MW 4:30 PM-5:45 PM","130 Withers Hall","Lalo, Alexei","01/11/27 - 04/27/27","",""
"WLRU 304","Russian Literature in Translation: The Twentieth Century","3","World Language","Summer I 2027","No","","","","","","","","",""
"WLRU 304","Russian Literature in Translation: The Twentieth Century","3","World Language","Summer II 2027","No","","","","","","","","",""
"WLRU 318","Russian Cinema and Society","3","World Language","Fall 2026","No","","","","","","","","",""
"WLRU 318","Russian Cinema and Society","3","World Language","Spring 2027","Yes","601","Lec","Open 25/25","MW 11:45 AM-1:00 PM","Distance Education - Online","Lalo, Alexei","01/11/27 - 04/27/27","",""
"WLRU 318","Russian Cinema and Society","3","World Language","Summer I 2027","No","","","","","","","","",""
"WLRU 318","Russian Cinema and Society","3","World Language","Summer II 2027","No","","","","","","","","",""
"WLSP 201","Intermediate Spanish I","3","World Language","Fall 2026","Yes","001","Lec","Open 10/26","MW 3:00 PM-4:15 PM","125 Withers Hall","Dominguez Diaz, Carlos","08/17/26 - 12/01/26","Spanish for Legal Professions","Departmental Approval Required"
"WLSP 201","Intermediate Spanish I","3","World Language","Fall 2026","Yes","002","Lec","Open 3/22","TTh 8:30 AM-9:45 AM","3108 Burlington Nuc Labs","Coachman, Karen","08/17/26 - 12/01/26","","Departmental Approval Required"
"WLSP 201","Intermediate Spanish I","3","World Language","Fall 2026","Yes","003","Lec","Open 12/26","MWF 8:30 AM-9:20 AM","1220 SAS Hall","Molina, Christian Emmanuel","08/17/26 - 12/01/26","","Departmental Approval Required"
"WLSP 201","Intermediate Spanish I","3","World Language","Fall 2026","Yes","004","Lec","Open 2/26","MWF 9:35 AM-10:25 AM","1220 SAS Hall","Molina, Christian Emmanuel","08/17/26 - 12/01/26","","Departmental Approval Required"
"WLSP 201","Intermediate Spanish I","3","World Language","Fall 2026","Yes","005","Lec","Open 4/26","MWF 10:40 AM-11:30 AM","130 Withers Hall","Kane, Deborah Truesdell","08/17/26 - 12/01/26","","Departmental Approval Required"
"WLSP 201","Intermediate Spanish I","3","World Language","Fall 2026","Yes","006","Lec","Open 8/26","MWF 11:45 AM-12:35 PM","130 Withers Hall","Kane, Deborah Truesdell","08/17/26 - 12/01/26","","Departmental Approval Required"
"WLSP 201","Intermediate Spanish I","3","World Language","Fall 2026","Yes","007","Lec","Open 1/24","MWF 11:45 AM-12:35 PM","145 Withers Hall","Rowe, Sarah Chetty","08/17/26 - 12/01/26","","Departmental Approval Required"
"WLSP 201","Intermediate Spanish I","3","World Language","Fall 2026","Yes","008","Lec","Open 14/24","MWF 12:50 PM-1:40 PM","145 Withers Hall","Rowe, Sarah Chetty","08/17/26 - 12/01/26","","Departmental Approval Required"
"WLSP 201","Intermediate Spanish I","3","World Language","Fall 2026","Yes","009","Lec","Open 13/26","MWF 1:55 PM-2:45 PM","130 Withers Hall","Kane, Deborah Truesdell","08/17/26 - 12/01/26","","Departmental Approval Required"
"WLSP 201","Intermediate Spanish I","3","World Language","Fall 2026","Yes","010","Lec","Open 3/25","MW 1:30 PM-2:45 PM","12 Winston Hall","Delgadillo Flores, Stephany","08/17/26 - 12/01/26","","Departmental Approval Required"
"WLSP 201","Intermediate Spanish I","3","World Language","Fall 2026","Yes","013","Lec","Open 2/26","TTh 11:45 AM-1:00 PM","20 Winston Hall","Gee, Ally","08/17/26 - 12/01/26","","Departmental Approval Required"
"WLSP 201","Intermediate Spanish I","3","World Language","Fall 2026","Yes","014","Lec","Open 2/26","TTh 1:30 PM-2:45 PM","135 Withers Hall","Dechima, Paula Antonella","08/17/26 - 12/01/26","","Departmental Approval Required"
"WLSP 201","Intermediate Spanish I","3","World Language","Fall 2026","Yes","015","Lec","Open 7/25","TTh 3:00 PM-4:15 PM","12 Winston Hall","Gee, Ally","08/17/26 - 12/01/26","","Departmental Approval Required"
"WLSP 201","Intermediate Spanish I","3","World Language","Fall 2026","Yes","601","Lec","Open 3/40","TBD","Distance Education - Online","Delgadillo Flores, Stephany","08/17/26 - 12/01/26","","Prerequisite: Instructor permission only. Instructor Approva"
"WLSP 201","Intermediate Spanish I","3","World Language","Fall 2026","Yes","602","Lec","Open 8/24","TBD","Distance Education - Online","Dechima, Paula Antonella","08/17/26 - 12/01/26","Spanish for Health Professions","Prerequisite: Instructor permission only. Instructor Approva"
"WLSP 201","Intermediate Spanish I","3","World Language","Spring 2027","Yes","001","Lec","Open 24/24","MW 1:30 PM-2:45 PM","316 Leazar Hall","Dominguez Diaz, Carlos","01/11/27 - 04/27/27","Spanish for Legal Professions",""
"WLSP 201","Intermediate Spanish I","3","World Language","Spring 2027","Yes","002","Lec","Open 23/23","MW 3:00 PM-4:15 PM","4 Winston Hall","Dechima, Paula Antonella","01/11/27 - 04/27/27","Spanish for Health Professions",""
"WLSP 201","Intermediate Spanish I","3","World Language","Spring 2027","Yes","003","Lec","Open 23/23","TTh 10:15 AM-11:30 AM","208 Patterson Hall","Coachman, Karen","01/11/27 - 04/27/27","Spanish for Social Work",""
"WLSP 201","Intermediate Spanish I","3","World Language","Spring 2027","Yes","004","Lec","Open 23/23","MWF 8:30 AM-9:20 AM","213 Winston Hall","Peterson, Hannah Bollinger","01/11/27 - 04/27/27","",""
"WLSP 201","Intermediate Spanish I","3","World Language","Spring 2027","Yes","005","Lec","Open 23/23","MWF 10:40 AM-11:30 AM","1218 SAS Hall","Peterson, Hannah Bollinger","01/11/27 - 04/27/27","",""
"WLSP 201","Intermediate Spanish I","3","World Language","Spring 2027","Yes","006","Lec","Open 23/23","MWF 11:45 AM-12:35 PM","G125 Tompkins Hall","Rowe, Sarah Chetty","01/11/27 - 04/27/27","",""
"WLSP 201","Intermediate Spanish I","3","World Language","Spring 2027","Yes","007","Lec","Open 24/24","MWF 12:50 PM-1:40 PM","130 Withers Hall","Kane, Deborah Truesdell","01/11/27 - 04/27/27","",""
"WLSP 201","Intermediate Spanish I","3","World Language","Spring 2027","Yes","008","Lec","Open 23/23","MW 8:30 AM-9:45 AM","461 Riddick Hall","Delgadillo Flores, Stephany","01/11/27 - 04/27/27","",""
"WLSP 201","Intermediate Spanish I","3","World Language","Spring 2027","Yes","009","Lec","Open 23/23","TTh 3:00 PM-4:15 PM","205 Winston Hall","Gee, Ally","01/11/27 - 04/27/27","",""
"WLSP 201","Intermediate Spanish I","3","World Language","Spring 2027","Yes","010","Lec","Open 24/24","MW 4:30 PM-5:45 PM","5 Winston Hall","Gee, Ally","01/11/27 - 04/27/27","",""
"WLSP 201","Intermediate Spanish I","3","World Language","Spring 2027","Yes","011","Lec","Open 24/24","MW 8:30 AM-9:45 AM","5 Winston Hall","Cruzado, Alondra Iris / Lambert,Valerie Ann","01/11/27 - 04/27/27","",""
"WLSP 201","Intermediate Spanish I","3","World Language","Spring 2027","Yes","012","Lec","Open 22/22","MW 1:30 PM-2:45 PM","209 Winston Hall","Contreras Ortiz, Diego Alberto","01/11/27 - 04/27/27","",""
"WLSP 201","Intermediate Spanish I","3","World Language","Spring 2027","Yes","013","Lec","Open 22/22","TTh 8:30 AM-9:45 AM","208 Patterson Hall","Coachman, Karen","01/11/27 - 04/27/27","",""
"WLSP 201","Intermediate Spanish I","3","World Language","Spring 2027","Yes","015","Lec","Open 23/23","TTh 1:30 PM-2:45 PM","1206 Nelson Hall","Dechima, Paula Antonella","01/11/27 - 04/27/27","",""
"WLSP 201","Intermediate Spanish I","3","World Language","Spring 2027","Yes","016","Lec","Open 23/23","TTh 3:00 PM-4:15 PM","213 Winston Hall","Coachman, Karen","01/11/27 - 04/27/27","",""
"WLSP 201","Intermediate Spanish I","3","World Language","Spring 2027","Yes","017","Lec","Open 23/23","TTh 4:30 PM-5:45 PM","12 Winston Hall","Dechima, Paula Antonella","01/11/27 - 04/27/27","",""
"WLSP 201","Intermediate Spanish I","3","World Language","Spring 2027","Yes","601","Lec","Open 40/40","TBD","Distance Education - Online","Delgadillo Flores, Stephany","01/11/27 - 04/27/27","","Instructor Approval Required"
"WLSP 201","Intermediate Spanish I","3","World Language","Summer I 2027","No","","","","","","","","",""
"WLSP 201","Intermediate Spanish I","3","World Language","Summer II 2027","Yes","001","Lec","Open 20/20","MTWThF 9:50 AM-11:20 AM","","Carson, Debbera Anne","06/28/27 - 07/30/27 / Summer Five Week Session","",""
"WLSP 202","Intermediate Spanish II","3","World Language","Fall 2026","Yes","001","Lec","Open 13/24","MW 3:00 PM-4:15 PM","331 111 Lampe Drive","Delgadillo Flores, Stephany","08/17/26 - 12/01/26","Spanish for Legal Professions","Departmental Approval Required"
"WLSP 202","Intermediate Spanish II","3","World Language","Fall 2026","Yes","002","Lec","Open 11/20","MWF 9:35 AM-10:25 AM","100 111 Lampe Drive","Peterson, Hannah Bollinger","08/17/26 - 12/01/26","","Departmental Approval Required"
"WLSP 202","Intermediate Spanish II","3","World Language","Fall 2026","Yes","003","Lec","Open 3/20","MWF 10:40 AM-11:30 AM","100 111 Lampe Drive","Peterson, Hannah Bollinger","08/17/26 - 12/01/26","","Departmental Approval Required"
"WLSP 202","Intermediate Spanish II","3","World Language","Fall 2026","Yes","004","Lec","Open 5/24","TTh 8:30 AM-9:45 AM","209 Winston Hall","Carson, Debbera Anne","08/17/26 - 12/01/26","","Departmental Approval Required"
"WLSP 202","Intermediate Spanish II","3","World Language","Fall 2026","Yes","005","Lec","Open 2/24","TTh 10:15 AM-11:30 AM","209 Winston Hall","Carson, Debbera Anne","08/17/26 - 12/01/26","","Departmental Approval Required"
"WLSP 202","Intermediate Spanish II","3","World Language","Spring 2027","Yes","001","Lec","Open 23/23","MW 3:00 PM-4:15 PM","110 Withers Hall","Delgadillo Flores, Stephany","01/11/27 - 04/27/27","Spanish for Legal Professions",""
"WLSP 202","Intermediate Spanish II","3","World Language","Spring 2027","Yes","002","Lec","Open 22/22","MWF 8:30 AM-9:20 AM","130 Withers Hall","Kane, Deborah Truesdell","01/11/27 - 04/27/27","",""
"WLSP 202","Intermediate Spanish II","3","World Language","Spring 2027","Yes","003","Lec","Open 24/24","MWF 11:45 AM-12:35 PM","130 Withers Hall","Kane, Deborah Truesdell","01/11/27 - 04/27/27","",""
"WLSP 202","Intermediate Spanish II","3","World Language","Spring 2027","Yes","004","Lec","Open 24/24","TTh 1:30 PM-2:45 PM","145 Withers Hall","Carson, Debbera Anne","01/11/27 - 04/27/27","",""
"WLSP 202","Intermediate Spanish II","3","World Language","Spring 2027","Yes","005","Lec","Open 22/22","TTh 3:00 PM-4:15 PM","145 Withers Hall","Carson, Debbera Anne","01/11/27 - 04/27/27","",""
"WLSP 202","Intermediate Spanish II","3","World Language","Summer I 2027","No","","","","","","","","",""
"WLSP 202","Intermediate Spanish II","3","World Language","Summer II 2027","No","","","","","","","","",""
"WLSP 212","Spanish: Language, Technology, Culture","3","World Language","Fall 2026","Yes","601","Lec","Open 13/24","TBD","Distance Education - Online","McConnell II, James David","08/17/26 - 12/01/26","","Prerequisite: Instructor permission only. Instructor Approva"
"WLSP 212","Spanish: Language, Technology, Culture","3","World Language","Spring 2027","Yes","601","Lec","Open 25/25","TBD","Distance Education - Online","McConnell II, James David","01/11/27 - 04/27/27","","Instructor Approval Required"
"WLSP 212","Spanish: Language, Technology, Culture","3","World Language","Summer I 2027","Yes","501","Lec","Open 20/20","TBD","","McConnell II, James David","05/19/27 - 06/23/27 / Summer Five Week Session","","Restricted to: Study Abroad Students Only"
"WLSP 212","Spanish: Language, Technology, Culture","3","World Language","Summer II 2027","No","","","","","","","","",""
"WLSP 295","Intermediate Special Topics in Spanish","3","World Language","Fall 2026","No","","","","","","","","",""
"WLSP 295","Intermediate Special Topics in Spanish","3","World Language","Spring 2027","No","","","","","","","","",""
"WLSP 295","Intermediate Special Topics in Spanish","3","World Language","Summer I 2027","Yes","501","Lec","Open 20/20","TBD","","McConnell II, James David","05/19/27 - 06/23/27 / Summer Five Week Session","","Restricted to: Study Abroad Students Only"
"WLSP 295","Intermediate Special Topics in Spanish","3","World Language","Summer II 2027","No","","","","","","","","",""
"WLSP 331","Spanish Oral and Written Expression I","3","World Language","Fall 2026","Yes","001","Lec","Open 10/24","MW 1:30 PM-2:45 PM","125 Withers Hall","Dominguez Diaz, Carlos","08/17/26 - 12/01/26","Spanish for Legal Professions","Departmental Approval Required"
"WLSP 331","Spanish Oral and Written Expression I","3","World Language","Fall 2026","Yes","002","Lec","Open 4/24","MW 11:45 AM-1:00 PM","208 Patterson Hall","Darhower, Mark Anthony","08/17/26 - 12/01/26","","Departmental Approval Required"
"WLSP 331","Spanish Oral and Written Expression I","3","World Language","Fall 2026","Yes","003","Lec","Open 2/20","TTh 1:30 PM-2:45 PM","412 111 Lampe Drive","Carson, Debbera Anne","08/17/26 - 12/01/26","","Departmental Approval Required"
"WLSP 331","Spanish Oral and Written Expression I","3","World Language","Fall 2026","Yes","004","Lec","Open 11/20","TTh 3:00 PM-4:15 PM","412 111 Lampe Drive","Carson, Debbera Anne","08/17/26 - 12/01/26","","Departmental Approval Required"
"WLSP 331","Spanish Oral and Written Expression I","3","World Language","Spring 2027","Yes","001","Lec","Open 22/22","MW 3:00 PM-4:15 PM","316 Leazar Hall","Dominguez Diaz, Carlos","01/11/27 - 04/27/27","Spanish for Legal Professions",""
"WLSP 331","Spanish Oral and Written Expression I","3","World Language","Spring 2027","Yes","002","Lec","Open 21/21","MW 1:30 PM-2:45 PM","135 Withers Hall","Darhower, Mark Anthony","01/11/27 - 04/27/27","",""
"WLSP 331","Spanish Oral and Written Expression I","3","World Language","Spring 2027","Yes","003","Lec","Open 20/20","TTh 8:30 AM-9:45 AM","135 Withers Hall","Carson, Debbera Anne","01/11/27 - 04/27/27","",""
"WLSP 331","Spanish Oral and Written Expression I","3","World Language","Spring 2027","Yes","004","Lec","Open 20/20","TTh 10:15 AM-11:30 AM","135 Withers Hall","Carson, Debbera Anne","01/11/27 - 04/27/27","",""
"WLSP 331","Spanish Oral and Written Expression I","3","World Language","Spring 2027","Yes","005","Lec","Open 22/22","TTh 1:30 PM-2:45 PM","130 Withers Hall","Zahler, Sara Louise","01/11/27 - 04/27/27","",""
"WLSP 331","Spanish Oral and Written Expression I","3","World Language","Summer I 2027","No","","","","","","","","",""
"WLSP 331","Spanish Oral and Written Expression I","3","World Language","Summer II 2027","Yes","501","Lec","Open 35/35","TBD","","Sotillo, Samuel","06/28/27 - 07/30/27 / Summer Five Week Session","","Restricted to: Study Abroad Students Only"
"WLSP 332","Spanish Oral and Written Expression II","3","World Language","Fall 2026","Yes","001","Lec","Open 13/18","MW 8:30 AM-9:45 AM","145 Withers Hall","McConnell II, James David","08/17/26 - 12/01/26","","Departmental Approval Required"
"WLSP 332","Spanish Oral and Written Expression II","3","World Language","Fall 2026","Yes","002","Lec","Closed 0/13","MW 10:15 AM-11:30 AM","145 Withers Hall","McConnell II, James David","08/17/26 - 12/01/26","","Departmental Approval Required"
"WLSP 332","Spanish Oral and Written Expression II","3","World Language","Fall 2026","Yes","003","Lec","Open 2/18","MW 1:30 PM-2:45 PM","300 Brooks Hall","Sotillo, Samuel","08/17/26 - 12/01/26","","Departmental Approval Required"
"WLSP 332","Spanish Oral and Written Expression II","3","World Language","Fall 2026","Yes","004","Lec","Closed 0/18","TTh 11:45 AM-1:00 PM","3108 Burlington Nuc Labs","Lugo Velez, Monica Elena","08/17/26 - 12/01/26","","Departmental Approval Required"
"WLSP 332","Spanish Oral and Written Expression II","3","World Language","Spring 2027","Yes","001","Lec","Open 15/15","MW 10:15 AM-11:30 AM","336 Riddick Hall","McConnell II, James David","01/11/27 - 04/27/27","",""
"WLSP 332","Spanish Oral and Written Expression II","3","World Language","Spring 2027","Yes","002","Lec","Open 18/18","MW 1:30 PM-2:45 PM","3108 Burlington Nuc Labs","McConnell II, James David","01/11/27 - 04/27/27","",""
"WLSP 332","Spanish Oral and Written Expression II","3","World Language","Spring 2027","Yes","003","Lec","Open 18/18","TTh 11:45 AM-1:00 PM","2328 Broughton Hall","Sotillo, Samuel","01/11/27 - 04/27/27","",""
"WLSP 332","Spanish Oral and Written Expression II","3","World Language","Spring 2027","Yes","004","Lec","Open 15/15","TTh 3:00 PM-4:15 PM","128 Tompkins Hall","Sotillo, Samuel","01/11/27 - 04/27/27","",""
"WLSP 332","Spanish Oral and Written Expression II","3","World Language","Summer I 2027","No","","","","","","","","",""
"WLSP 332","Spanish Oral and Written Expression II","3","World Language","Summer II 2027","Yes","501","Lec","Open 35/35","TBD","","Sotillo, Samuel","06/28/27 - 07/30/27 / Summer Five Week Session","","Restricted to: Study Abroad Students Only"
"WLSP 333","The Sounds of Spanish","3","World Language","Fall 2026","Yes","001","Lec","Open 15/20","MW 8:30 AM-9:45 AM","5 Winston Hall","Despain, Scott","08/17/26 - 12/01/26","","Departmental Approval Required"
"WLSP 333","The Sounds of Spanish","3","World Language","Fall 2026","Yes","002","Lec","Open 10/20","TTh 8:30 AM-9:45 AM","130 Withers Hall","Navarro, Inma","08/17/26 - 12/01/26","","Departmental Approval Required"
"WLSP 333","The Sounds of Spanish","3","World Language","Fall 2026","Yes","003","Lec","Closed 0/20","TTh 10:15 AM-11:30 AM","4302 Gardner Hall","Navarro, Inma","08/17/26 - 12/01/26","","Departmental Approval Required"
"WLSP 333","The Sounds of Spanish","3","World Language","Spring 2027","Yes","001","Lec","Open 18/18","MW 1:30 PM-2:45 PM","4310 Gardner Hall","Rowe, Sarah Chetty","01/11/27 - 04/27/27","",""
"WLSP 333","The Sounds of Spanish","3","World Language","Spring 2027","Yes","002","Lec","Open 18/18","TTh 8:30 AM-9:45 AM","412 111 Lampe Drive","Navarro, Inma","01/11/27 - 04/27/27","",""
"WLSP 333","The Sounds of Spanish","3","World Language","Spring 2027","Yes","003","Lec","Open 18/18","TTh 10:15 AM-11:30 AM","412 111 Lampe Drive","Navarro, Inma","01/11/27 - 04/27/27","",""
"WLSP 333","The Sounds of Spanish","3","World Language","Summer I 2027","No","","","","","","","","",""
"WLSP 333","The Sounds of Spanish","3","World Language","Summer II 2027","No","","","","","","","","",""
"WLSP 335","Spanish for Native and Heritage Speakers","3","World Language","Fall 2026","Yes","001","Lec","Open 3/20","TTh 1:30 PM-2:45 PM","110 1911 Bldg","Navarro, Inma","08/17/26 - 12/01/26","","Departmental Approval Required"
"WLSP 335","Spanish for Native and Heritage Speakers","3","World Language","Spring 2027","No","","","","","","","","",""
"WLSP 335","Spanish for Native and Heritage Speakers","3","World Language","Summer I 2027","No","","","","","","","","",""
"WLSP 335","Spanish for Native and Heritage Speakers","3","World Language","Summer II 2027","No","","","","","","","","",""
"WLSP 336","Spanish for Business","3","World Language","Fall 2026","Yes","001","Lec","Open 8/15","MW 8:30 AM-9:45 AM","2111 Burlington Nuc Labs","Delgadillo Flores, Stephany","08/17/26 - 12/01/26","","Departmental Approval Required"
"WLSP 336","Spanish for Business","3","World Language","Spring 2027","Yes","001","Lec","Open 22/22","MW 10:15 AM-11:30 AM","461 Riddick Hall","Delgadillo Flores, Stephany","01/11/27 - 04/27/27","",""
"WLSP 336","Spanish for Business","3","World Language","Summer I 2027","No","","","","","","","","",""
"WLSP 336","Spanish for Business","3","World Language","Summer II 2027","No","","","","","","","","",""
"WLSP 337","Spanish for Tourism in the Hispanic World","3","World Language","Fall 2026","No","","","","","","","","",""
"WLSP 337","Spanish for Tourism in the Hispanic World","3","World Language","Spring 2027","No","","","","","","","","",""
"WLSP 337","Spanish for Tourism in the Hispanic World","3","World Language","Summer I 2027","No","","","","","","","","",""
"WLSP 337","Spanish for Tourism in the Hispanic World","3","World Language","Summer II 2027","No","","","","","","","","",""
"WLSP 340","Introduction to Hispanic Literatures and Cultures","3","World Language","Fall 2026","Yes","001","Lec","Open 11/24","MW 1:30 PM-2:45 PM","1112 Jordan Hall","Pasten, Jose Agustin","08/17/26 - 12/01/26","","Departmental Approval Required"
"WLSP 340","Introduction to Hispanic Literatures and Cultures","3","World Language","Fall 2026","Yes","002","Lec","Open 12/24","TTh 8:30 AM-9:45 AM","135 Withers Hall","Garrigan, Shelley E.","08/17/26 - 12/01/26","","Departmental Approval Required"
"WLSP 340","Introduction to Hispanic Literatures and Cultures","3","World Language","Spring 2027","Yes","001","Lec","Open 15/15","MW 8:30 AM-9:45 AM","12 Winston Hall","Lugo Velez, Monica Elena","01/11/27 - 04/27/27","",""
"WLSP 340","Introduction to Hispanic Literatures and Cultures","3","World Language","Spring 2027","Yes","002","Lec","Open 16/16","TTh 11:45 AM-1:00 PM","2112 Williams Hall","Garrigan, Shelley E.","01/11/27 - 04/27/27","",""
"WLSP 340","Introduction to Hispanic Literatures and Cultures","3","World Language","Spring 2027","Yes","003","Lec","Open 15/15","TTh 1:30 PM-2:45 PM","105 Scott Hall","Staff","01/11/27 - 04/27/27","",""
"WLSP 340","Introduction to Hispanic Literatures and Cultures","3","World Language","Summer I 2027","No","","","","","","","","",""
"WLSP 340","Introduction to Hispanic Literatures and Cultures","3","World Language","Summer II 2027","No","","","","","","","","",""
"WLSP 341","Literature and Culture of Spain (12th to 17th centuries)","3","World Language","Fall 2026","No","","","","","","","","",""
"WLSP 341","Literature and Culture of Spain (12th to 17th centuries)","3","World Language","Spring 2027","No","","","","","","","","",""
"WLSP 341","Literature and Culture of Spain (12th to 17th centuries)","3","World Language","Summer I 2027","No","","","","","","","","",""
"WLSP 341","Literature and Culture of Spain (12th to 17th centuries)","3","World Language","Summer II 2027","No","","","","","","","","",""
"WLSP 342","Literature and Culture of Spain (18th and 19th centuries)","3","World Language","Fall 2026","No","","","","","","","","",""
"WLSP 342","Literature and Culture of Spain (18th and 19th centuries)","3","World Language","Spring 2027","No","","","","","","","","",""
"WLSP 342","Literature and Culture of Spain (18th and 19th centuries)","3","World Language","Summer I 2027","No","","","","","","","","",""
"WLSP 342","Literature and Culture of Spain (18th and 19th centuries)","3","World Language","Summer II 2027","No","","","","","","","","",""
"WLSP 343","Literature and Culture of Spain (20th and 21st centuries)","3","World Language","Fall 2026","No","","","","","","","","",""
"WLSP 343","Literature and Culture of Spain (20th and 21st centuries)","3","World Language","Spring 2027","No","","","","","","","","",""
"WLSP 343","Literature and Culture of Spain (20th and 21st centuries)","3","World Language","Summer I 2027","No","","","","","","","","",""
"WLSP 343","Literature and Culture of Spain (20th and 21st centuries)","3","World Language","Summer II 2027","No","","","","","","","","",""
"WLSP 351","Literature and Culture of Latin America and the Caribbean (15th to mid 19th centuries)","3","World Language","Fall 2026","No","","","","","","","","",""
"WLSP 351","Literature and Culture of Latin America and the Caribbean (15th to mid 19th centuries)","3","World Language","Spring 2027","Yes","001","Lec","Open 20/20","MW 1:30 PM-2:45 PM","105 Scott Hall","Lugo Velez, Monica Elena","01/11/27 - 04/27/27","",""
"WLSP 351","Literature and Culture of Latin America and the Caribbean (15th to mid 19th centuries)","3","World Language","Summer I 2027","No","","","","","","","","",""
"WLSP 351","Literature and Culture of Latin America and the Caribbean (15th to mid 19th centuries)","3","World Language","Summer II 2027","No","","","","","","","","",""
"WLSP 352","Literature and Culture of Latin America and the Caribbean (19th to the Mid 20th centuries)","3","World Language","Fall 2026","No","","","","","","","","",""
"WLSP 352","Literature and Culture of Latin America and the Caribbean (19th to the Mid 20th centuries)","3","World Language","Spring 2027","No","","","","","","","","",""
"WLSP 352","Literature and Culture of Latin America and the Caribbean (19th to the Mid 20th centuries)","3","World Language","Summer I 2027","No","","","","","","","","",""
"WLSP 352","Literature and Culture of Latin America and the Caribbean (19th to the Mid 20th centuries)","3","World Language","Summer II 2027","No","","","","","","","","",""
"WLSP 353","Literature and Culture of Latin America and the Caribbean since 1960","3","World Language","Fall 2026","Yes","001","Lec","Open 3/14","TTh 3:00 PM-4:15 PM","17 Winston Hall","Dawes, Greg","08/17/26 - 12/01/26","","Departmental Approval Required"
"WLSP 353","Literature and Culture of Latin America and the Caribbean since 1960","3","World Language","Spring 2027","No","","","","","","","","",""
"WLSP 353","Literature and Culture of Latin America and the Caribbean since 1960","3","World Language","Summer I 2027","No","","","","","","","","",""
"WLSP 353","Literature and Culture of Latin America and the Caribbean since 1960","3","World Language","Summer II 2027","No","","","","","","","","",""
"WLSP 360","Hispanic Cinema","3","World Language","Fall 2026","Yes","001","Lec","Open 7/25","TTh 1:30 PM-2:45 PM","G106 Caldwell Hall","Garrigan, Shelley E.","08/17/26 - 12/01/26","","Departmental Approval Required"
"WLSP 360","Hispanic Cinema","3","World Language","Spring 2027","Yes","001","Lec","Open 20/20","TTh 3:00 PM-4:15 PM","1 Winston Hall","Garrigan, Shelley E.","01/11/27 - 04/27/27","",""
"WLSP 360","Hispanic Cinema","3","World Language","Spring 2027","Yes","002","Lec","Open 20/20","TTh 11:45 AM-1:00 PM","G126 Tompkins Hall","Dawes, Greg","01/11/27 - 04/27/27","",""
"WLSP 360","Hispanic Cinema","3","World Language","Summer I 2027","No","","","","","","","","",""
"WLSP 360","Hispanic Cinema","3","World Language","Summer II 2027","No","","","","","","","","",""
"WLSP 395","Study Abroad Programs in Spanish","3","World Language","Fall 2026","No","","","","","","","","",""
"WLSP 395","Study Abroad Programs in Spanish","3","World Language","Spring 2027","No","","","","","","","","",""
"WLSP 395","Study Abroad Programs in Spanish","3","World Language","Summer I 2027","Yes","503","Lec","Open 20/20","TBD","","McConnell II, James David","05/19/27 - 06/23/27 / Summer Five Week Session","Culture and Civilization of Spain I","Restricted to: Study Abroad Students Only"
"WLSP 395","Study Abroad Programs in Spanish","3","World Language","Summer II 2027","Yes","501","Lec","Open 35/35","TBD","","Sotillo, Samuel","06/28/27 - 07/30/27 / Summer Five Week Session","History of Modern Spanish Art","Restricted to: Study Abroad Students Only"
"WLSP 395","Study Abroad Programs in Spanish","3","World Language","Summer II 2027","Yes","502","Lec","Open 35/35","TBD","","Sotillo, Samuel","06/28/27 - 07/30/27 / Summer Five Week Session","Culture and Civilization of Spain I",""
"WLSP 399","Intensive Spanish Oral Proficiency Workshop","1","World Language","Fall 2026","No","","","","","","","","",""
"WLSP 399","Intensive Spanish Oral Proficiency Workshop","1","World Language","Spring 2027","No","","","","","","","","",""
"WLSP 399","Intensive Spanish Oral Proficiency Workshop","1","World Language","Summer I 2027","No","","","","","","","","",""
"WLSP 399","Intensive Spanish Oral Proficiency Workshop","1","World Language","Summer II 2027","No","","","","","","","","",""
"WLSP 400","Methods and Techniques in Spanish Translation and Interpretation","3","World Language","Fall 2026","No","","","","","","","","",""
"WLSP 400","Methods and Techniques in Spanish Translation and Interpretation","3","World Language","Spring 2027","Yes","001","Lec","Open 25/25","MW 3:00 PM-4:15 PM","461 Riddick Hall","Ronquest, Rebecca Ellen","01/11/27 - 04/27/27","",""
"WLSP 400","Methods and Techniques in Spanish Translation and Interpretation","3","World Language","Summer I 2027","No","","","","","","","","",""
"WLSP 400","Methods and Techniques in Spanish Translation and Interpretation","3","World Language","Summer II 2027","No","","","","","","","","",""
"WLSP 401","Spanish Graduate Reading","3","World Language","Fall 2026","No","","","","","","","","",""
"WLSP 401","Spanish Graduate Reading","3","World Language","Spring 2027","No","","","","","","","","",""
"WLSP 401","Spanish Graduate Reading","3","World Language","Summer I 2027","No","","","","","","","","",""
"WLSP 401","Spanish Graduate Reading","3","World Language","Summer II 2027","No","","","","","","","","",""
"WLSP 402","Introduction to Spanish Linguistics","3","World Language","Fall 2026","Yes","001","Lec","Open 7/18","MW 10:15 AM-11:30 AM","1112 Jordan Hall","Ronquest, Rebecca Ellen","08/17/26 - 12/01/26","","Departmental Approval Required"
"WLSP 402","Introduction to Spanish Linguistics","3","World Language","Spring 2027","No","","","","","","","","",""
"WLSP 402","Introduction to Spanish Linguistics","3","World Language","Summer I 2027","No","","","","","","","","",""
"WLSP 402","Introduction to Spanish Linguistics","3","World Language","Summer II 2027","No","","","","","","","","",""
"WLSP 405","Spanish-English Comparative Grammar","3","World Language","Fall 2026","No","","","","","","","","",""
"WLSP 405","Spanish-English Comparative Grammar","3","World Language","Spring 2027","No","","","","","","","","",""
"WLSP 405","Spanish-English Comparative Grammar","3","World Language","Summer I 2027","No","","","","","","","","",""
"WLSP 405","Spanish-English Comparative Grammar","3","World Language","Summer II 2027","No","","","","","","","","",""
"WLSP 411","Topics in the Culture of Spain","3","World Language","Fall 2026","No","","","","","","","","",""
"WLSP 411","Topics in the Culture of Spain","3","World Language","Spring 2027","No","","","","","","","","",""
"WLSP 411","Topics in the Culture of Spain","3","World Language","Summer I 2027","No","","","","","","","","",""
"WLSP 411","Topics in the Culture of Spain","3","World Language","Summer II 2027","No","","","","","","","","",""
"WLSP 412","Topics in the Culture of Latin America and the Caribbean","3","World Language","Fall 2026","Yes","001","Lec","Open 11/15","MW 3:00 PM-4:15 PM","1112 Jordan Hall","Pasten, Jose Agustin","08/17/26 - 12/01/26","","Departmental Approval Required"
"WLSP 412","Topics in the Culture of Latin America and the Caribbean","3","World Language","Spring 2027","Yes","001","Lec","Open 15/15","TTh 3:00 PM-4:15 PM","126 Tompkins Hall","Dawes, Greg","01/11/27 - 04/27/27","",""
"WLSP 412","Topics in the Culture of Latin America and the Caribbean","3","World Language","Summer I 2027","No","","","","","","","","",""
"WLSP 412","Topics in the Culture of Latin America and the Caribbean","3","World Language","Summer II 2027","No","","","","","","","","",""
"WLSP 413","Spain and the Americas in Transatlantic Perspective","3","World Language","Fall 2026","No","","","","","","","","",""
"WLSP 413","Spain and the Americas in Transatlantic Perspective","3","World Language","Spring 2027","No","","","","","","","","",""
"WLSP 413","Spain and the Americas in Transatlantic Perspective","3","World Language","Summer I 2027","No","","","","","","","","",""
"WLSP 413","Spain and the Americas in Transatlantic Perspective","3","World Language","Summer II 2027","No","","","","","","","","",""
"WLSP 492","Seminar in Hispanic Studies","3","World Language","Fall 2026","Yes","001","Lec","Closed 0/3","TTh 1:30 PM-2:45 PM","131B Withers","Zahler, Sara Louise","08/17/26 - 12/01/26","Morphology and Syntax","Departmental Approval Required"
"WLSP 492","Seminar in Hispanic Studies","3","World Language","Spring 2027","Yes","001","Lec","Open 20/20","MW 1:30 PM-2:45 PM","330 Dabney Hall","Jaimes, Hector A","01/11/27 - 04/27/27","",""
"WLSP 492","Seminar in Hispanic Studies","3","World Language","Summer I 2027","No","","","","","","","","",""
"WLSP 492","Seminar in Hispanic Studies","3","World Language","Summer II 2027","No","","","","","","","","",""
"WLSP 495","Advanced Study Abroad Programs in Spanish","3","World Language","Fall 2026","No","","","","","","","","",""
"WLSP 495","Advanced Study Abroad Programs in Spanish","3","World Language","Spring 2027","No","","","","","","","","",""
"WLSP 495","Advanced Study Abroad Programs in Spanish","3","World Language","Summer I 2027","No","","","","","","","","",""
"WLSP 495","Advanced Study Abroad Programs in Spanish","3","World Language","Summer II 2027","No","","","","","","","","",""
"WLSP 502","Linguistic Structure of Spanish","3","World Language","Fall 2026","Yes","001","Lec","Open 14/18","TTh 3:00 PM-4:15 PM","131B Withers","Zahler, Sara Louise","08/17/26 - 12/01/26","","Graduate Students Only Departmental Approval Required"
"WLSP 502","Linguistic Structure of Spanish","3","World Language","Spring 2027","No","","","","","","","","",""
"WLSP 502","Linguistic Structure of Spanish","3","World Language","Summer I 2027","No","","","","","","","","",""
"WLSP 502","Linguistic Structure of Spanish","3","World Language","Summer II 2027","No","","","","","","","","",""
"WLSP 503","Spanish Applied Linguistics","3","World Language","Fall 2026","No","","","","","","","","",""
"WLSP 503","Spanish Applied Linguistics","3","World Language","Spring 2027","No","","","","","","","","",""
"WLSP 503","Spanish Applied Linguistics","3","World Language","Summer I 2027","No","","","","","","","","",""
"WLSP 503","Spanish Applied Linguistics","3","World Language","Summer II 2027","No","","","","","","","","",""
"WLSP 504","Spanish Language Change and Variation","3","World Language","Fall 2026","Yes","001","Lec","Open 9/15","M 4:30 PM-7:15 PM","150 Withers Hall","Michnowicz, Jim","08/17/26 - 12/01/26","","Departmental Approval Required"
"WLSP 504","Spanish Language Change and Variation","3","World Language","Spring 2027","No","","","","","","","","",""
"WLSP 504","Spanish Language Change and Variation","3","World Language","Summer I 2027","No","","","","","","","","",""
"WLSP 504","Spanish Language Change and Variation","3","World Language","Summer II 2027","No","","","","","","","","",""
"WLSP 509","Spanish Phonetics and Phonology","3","World Language","Fall 2026","No","","","","","","","","",""
"WLSP 509","Spanish Phonetics and Phonology","3","World Language","Spring 2027","No","","","","","","","","",""
"WLSP 509","Spanish Phonetics and Phonology","3","World Language","Summer I 2027","No","","","","","","","","",""
"WLSP 509","Spanish Phonetics and Phonology","3","World Language","Summer II 2027","No","","","","","","","","",""
"WLSP 512","Spanish in the United States","3","World Language","Fall 2026","No","","","","","","","","",""
"WLSP 512","Spanish in the United States","3","World Language","Spring 2027","Yes","001","Lec","Open 15/15","MW 4:30 PM-5:45 PM","461 Riddick Hall","Ronquest, Rebecca Ellen","01/11/27 - 04/27/27","",""
"WLSP 512","Spanish in the United States","3","World Language","Summer I 2027","No","","","","","","","","",""
"WLSP 512","Spanish in the United States","3","World Language","Summer II 2027","No","","","","","","","","",""
"WLSP 515","History of Spanish Language","3","World Language","Fall 2026","No","","","","","","","","",""
"WLSP 515","History of Spanish Language","3","World Language","Spring 2027","Yes","001","Lec","Open 10/10","TTh 4:30 PM-5:45 PM","117 Ricks Hall","Zahler, Sara Louise","01/11/27 - 04/27/27","",""
"WLSP 515","History of Spanish Language","3","World Language","Summer I 2027","No","","","","","","","","",""
"WLSP 515","History of Spanish Language","3","World Language","Summer II 2027","No","","","","","","","","",""
"WLSP 520","Survey of Hispanic Literature and Culture","3","World Language","Fall 2026","Yes","001","Lec","Open 5/12","MW 4:30 PM-5:45 PM","135 Withers Hall","Jaimes, Hector A","08/17/26 - 12/01/26","","Departmental Approval Required"
"WLSP 520","Survey of Hispanic Literature and Culture","3","World Language","Spring 2027","No","","","","","","","","",""
"WLSP 520","Survey of Hispanic Literature and Culture","3","World Language","Summer I 2027","No","","","","","","","","",""
"WLSP 520","Survey of Hispanic Literature and Culture","3","World Language","Summer II 2027","No","","","","","","","","",""
"WLSP 528","Don Quixote","3","World Language","Fall 2026","No","","","","","","","","",""
"WLSP 528","Don Quixote","3","World Language","Spring 2027","No","","","","","","","","",""
"WLSP 528","Don Quixote","3","World Language","Summer I 2027","No","","","","","","","","",""
"WLSP 528","Don Quixote","3","World Language","Summer II 2027","No","","","","","","","","",""
"WLSP 530","The Cultural Production of Spanish Democracy","3","World Language","Fall 2026","No","","","","","","","","",""
"WLSP 530","The Cultural Production of Spanish Democracy","3","World Language","Spring 2027","No","","","","","","","","",""
"WLSP 530","The Cultural Production of Spanish Democracy","3","World Language","Summer I 2027","No","","","","","","","","",""
"WLSP 530","The Cultural Production of Spanish Democracy","3","World Language","Summer II 2027","No","","","","","","","","",""
"WLSP 553","Alternative Voices of Latin America","3","World Language","Fall 2026","No","","","","","","","","",""
"WLSP 553","Alternative Voices of Latin America","3","World Language","Spring 2027","No","","","","","","","","",""
"WLSP 553","Alternative Voices of Latin America","3","World Language","Summer I 2027","No","","","","","","","","",""
"WLSP 553","Alternative Voices of Latin America","3","World Language","Summer II 2027","No","","","","","","","","",""
"WLSP 554","The Sixties in Latin America","3","World Language","Fall 2026","No","","","","","","","","",""
"WLSP 554","The Sixties in Latin America","3","World Language","Spring 2027","No","","","","","","","","",""
"WLSP 554","The Sixties in Latin America","3","World Language","Summer I 2027","No","","","","","","","","",""
"WLSP 554","The Sixties in Latin America","3","World Language","Summer II 2027","No","","","","","","","","",""
"WLSP 563","The Latin American Novel","3","World Language","Fall 2026","No","","","","","","","","",""
"WLSP 563","The Latin American Novel","3","World Language","Spring 2027","Yes","001","Lec","Open 18/18","TTh 3:00 PM-4:15 PM","G125 Tompkins Hall","Pasten, Jose Agustin","01/11/27 - 04/27/27","",""
"WLSP 563","The Latin American Novel","3","World Language","Summer I 2027","No","","","","","","","","",""
"WLSP 563","The Latin American Novel","3","World Language","Summer II 2027","No","","","","","","","","",""
"WLSP 592","Seminar in Hispanic Studies","3","World Language","Fall 2026","Yes","001","Lec","Closed 0/8","TTh 1:30 PM-2:45 PM","131B Withers","Zahler, Sara Louise","08/17/26 - 12/01/26","Morphology and Syntax","Departmental Approval Required"
"WLSP 592","Seminar in Hispanic Studies","3","World Language","Spring 2027","No","","","","","","","","",""
"WLSP 592","Seminar in Hispanic Studies","3","World Language","Summer I 2027","No","","","","","","","","",""
"WLSP 592","Seminar in Hispanic Studies","3","World Language","Summer II 2027","No","","","","","","","","",""
"WLSP 595","Special Topics in Spanish","1-3","World Language","Fall 2026","Yes","001","Lec","Open 9/15","TTh 10:15 AM-11:30 AM","3108 Burlington Nuc Labs","Lugo Velez, Monica Elena","08/17/26 - 12/01/26","","Departmental Approval Required"
"WLSP 595","Special Topics in Spanish","1-3","World Language","Spring 2027","No","","","","","","","","",""
"WLSP 595","Special Topics in Spanish","1-3","World Language","Summer I 2027","No","","","","","","","","",""
"WLSP 595","Special Topics in Spanish","1-3","World Language","Summer II 2027","No","","","","","","","","",""
